Project name:,HMGCR VE Maps,,,
,,,,
Template construct,,,,
Gene name:,HMGCR,,,
Sequence:,TGCATAACCACTTTAACTAATACTTTCAACATTTTCGGTTTGTATTACTTCTTATTCAAATGTAATAAAAGTATCAACAAAAAATTGTTAATATACCTCTATACTTTAACGTCAAGGAGAAAAAACCCCGGATTCTAGAACTAGTGGATCCCCCATCACAAGTTTGTACAAAAAAGTTGGCATGTTGTCAAGACTTTTTCGAATGCATGGCCTCTTTGTGGCCTCCCATCCCTGGGAAGTCATAGTGGGGACAGTGACACTGACCATCTGCATGATGTCCATGAACATGTTTACTGGTAACAATAAGATCTGTGGTTGGAATTATGAATGTCCAAAGTTTGAAGAGGATGTTTTGAGCAGTGACATTATAATTCTGACAATAACACGATGCATAGCCATCCTGTATATTTACTTCCAGTTCCAGAATTTACGTCAACTTGGATCAAAATATATTTTGGGTATTGCTGGCCTTTTCACAATTTTCTCAAGTTTTGTATTCAGTACAGTTGTCATTCACTTCTTAGACAAAGAATTGACAGGCTTGAATGAAGCTTTGCCCTTTTTCCTACTTTTGATTGACCTTTCCAGAGCAAGCACATTAGCAAAGTTTGCCCTCAGTTCCAACTCACAGGATGAAGTAAGGGAAAATATTGCTCGTGGAATGGCAATTTTAGGTCCTACGTTTACCCTCGATGCTCTTGTTGAATGTCTTGTGATTGGAGTTGGTACCATGTCAGGGGTACGTCAGCTTGAAATTATGTGCTGCTTTGGCTGCATGTCAGTTCTTGCCAACTACTTCGTGTTCATGACTTTCTTCCCAGCTTGTGTGTCCTTGGTATTAGAGCTTTCTCGGGAAAGCCGCGAGGGTCGTCCAATTTGGCAGCTCAGCCATTTTGCCCGAGTTTTAGAAGAAGAAGAAAATAAGCCGAATCCTGTAACTCAGAGGGTCAAGATGATTATGTCTCTAGGCTTGGTTCTTGTTCATGCTCACAGTCGCTGGATAGCTGATCCTTCTCCTCAAAACAGTACAGCAGATACTTCTAAGGTTTCATTAGGACTGGATGAAAATGTGTCCAAGAGAATTGAACCAAGTGTTTCCCTCTGGCAGTTTTATCTCTCTAAAATGATCAGCATGGATATTGAACAAGTTATTACCCTAAGTTTAGCTCTCCTTCTGGCTGTCAAGTACATCTTCTTTGAACAAACAGAGACAGAATCTACACTCTCATTAAAAAACCCTATCACATCTCCTGTAGTGACACAAAAGAAAGTCCCAGACAATTGTTGTAGACGTGAACCTATGCTGGTCAGAAATAACCAGAAATGTGATTCAGTAGAGGAAGAGACAGGGATAAACCGAGAAAGAAAAGTTGAGGTTATAAAACCCTTAGTGGCTGAAACAGATACCCCAAACAGAGCTACATTTGTGGTTGGTAACTCCTCCTTACTCGATACTTCATCAGTACTGGTGACACAGGAACCTGAAATTGAACTTCCCAGGGAACCTCGGCCTAATGAAGAATGTCTACAGATACTTGGGAATGCAGAGAAAGGTGCAAAATTCCTTAGTGATGCTGAGATCATCCAGTTAGTCAATGCTAAGCATATCCCAGCCTACAAGTTGGAAACTCTGATGGAAACTCATGAGCGTGGTGTATCTATTCGCCGACAGTTACTTTCCAAGAAGCTTTCAGAACCTTCTTCTCTCCAGTACCTACCTTACAGGGATTATAATTACTCCTTGGTGATGGGAGCTTGTTGTGAGAATGTTATTGGATATATGCCCATCCCTGTTGGAGTGGCAGGACCCCTTTGCTTAGATGAAAAAGAATTTCAGGTTCCAATGGCAACAACAGAAGGTTGTCTTGTGGCCAGCACCAATAGAGGCTGCAGAGCAATAGGTCTTGGTGGAGGTGCCAGCAGCCGAGTCCTTGCAGATGGGATGACTCGTGGCCCAGTTGTGCGTCTTCCACGTGCTTGTGACTCTGCAGAAGTGAAAGCCTGGCTCGAAACATCTGAAGGGTTCGCAGTGATAAAGGAGGCATTTGACAGCACTAGCAGATTTGCACGTCTACAGAAACTTCATACAAGTATAGCTGGACGCAACCTTTATATCCGTTTCCAGTCCAGGTCAGGGGATGCCATGGGGATGAACATGATTTCAAAGGGTACAGAGAAAGCACTTTCAAAACTTCACGAGTATTTCCCTGAAATGCAGATTCTAGCCGTTAGTGGTAACTATTGTACTGACAAGAAACCTGCTGCTATAAATTGGATAGAGGGAAGAGGAAAATCTGTTGTTTGTGAAGCTGTCATTCCAGCCAAGGTTGTCAGAGAAGTATTAAAGACTACCACAGAGGCTATGATTGAGGTCAACATTAACAAGAATTTAGTGGGCTCTGCCATGGCTGGGAGCATAGGAGGCTACAACGCCCATGCAGCAAACATTGTCACCGCCATCTACATTGCCTGTGGACAGGATGCAGCACAGAATGTTGGTAGTTCAAACTGTATTACTTTAATGGAAGCAAGTGGTCCCACAAATGAAGATTTATATATCAGCTGCACCATGCCATCTATAGAGATAGGAACGGTGGGTGGTGGGACCAACCTACTACCTCAGCAAGCCTGTTTGCAGATGCTAGGTGTTCAAGGAGCATGCAAAGATAATCCTGGGGAAAATGCCCGGCAGCTTGCCCGAATTGTGTGTGGGACCGTAATGGCTGGGGAATTGTCACTTATGGCAGCATTGGCAGCAGGACATCTTGTCAAAAGTCACATGATTCACAACAGGTCGAAGATCAATTTACAAGACCTCCAAGGAGCTTGCACCAAGAAGACAGCCTGACCAACTTTCTTGTACAAAGTGGTTTGATGGCCGCTAAGTAAGTAAGACGTCGAGCTCTAAGTAAGTAACGGCCGCCACCGCGGTGGAGCTTTGGACTTCTTCGCCAGAGGTTTGGTCAAGTCTCCAATCAAGGTTGTCGGCTTGTCTACCTTGCCAGAAATTTACGAAAAGATGGAAAAGGGTCAAATCGTTGGTAGATACGTTGTTGACACTTCTAAATAAGCGAATTTCTTATGATTTATGATTTTTATTATTAAATAAGTTATAAAAAAAATAAGTGTATACAAATTTTAAAGTGACTCTTAGGTTTTAAAACGAAAATTCTTATTCTTGAGTAACTCTTTCCTGTAGGTCAGGTTGCTTTCTCAGGTATAGCATGAGGTCGCTCTTATTGACCACACCTCTACCGGCATGCCGAGCAAATGCCTGCAAATCGCTCCCCATTTCACCCAATTGTAGATATGCTAACTCCAGCAATGAGTTGATGAA,,,
CDS start:,182,,,
CDS end:,2848,,,
Uniprot Accession:,P04035,,,
,,,,
Assay Type:,,,,
Assay Name:,Yeast complementation,,,
Assay Description:,Functional complementation in double deletion yeast strain based on rescue by human HMGCR,,,
Negative selection?,No,,,
,,,,
Conditions and replicates,,,,
Condition IDs:,nonselect,select,selectA,wtNonselect
Descriptions:,pre-selection library,post-selection library,post-selection atorvastatin library,wildtype control for pre-selection condition
Number of Replicates:,2,2,2,2
Number of time points:,1,1,1,1
,,,,
Mutagenesis Regions,,,,
Region Number,Start AA,End AA,,
1,2,134,,
2,135,273,,
3,274,408,,
4,409,542,,
5,543,724,,
6,725,888,,
,,,,
Sequencing Tiles,,,,
Tile Number,Start AA,End AA,,
1,2,32,,
2,33,68,,
3,69,98,,
4,99,134,,
5,135,168,,
6,169,202,,
7,203,237,,
8,238,273,,
9,274,308,,
10,309,341,,
11,342,374,,
12,375,408,,
13,409,442,,
14,443,477,,
15,478,509,,
16,510,542,,
17,543,580,,
18,581,617,,
19,618,653,,
20,654,689,,
21,690,724,,
22,725,758,,
23,759,794,,
24,795,826,,
25,827,861,,
26,862,888,,
,,,,
Condition definitions,,,,
Condition 1,Relationship,Condition 2,,
select,is_selection_for,nonselect,,
selectA,is_selection_for,nonselect,,
wtNonselect,is_wt_control_for,nonselect,,
wtNonselect,is_wt_control_for,select,,
wtNonselect,is_wt_control_for,selectA,,
,,,,
Time point definitions,,,,
Time point name,Time,Unit,,
1,0,h,,
,,,,
Sequencing samples,,,,
Sample ID,Tile ID,Condition,Time point,Replicate
1,1,nonselect,1,1
2,2,nonselect,1,1
3,3,nonselect,1,1
4,4,nonselect,1,1
13,1,select,1,1
14,2,select,1,1
15,3,select,1,1
16,4,select,1,1
25,1,selectA,1,1
26,2,selectA,1,1
27,3,selectA,1,1
28,4,selectA,1,1
37,1,wtNonselect,1,1
38,2,wtNonselect,1,1
39,3,wtNonselect,1,1
40,4,wtNonselect,1,1
97,1,nonselect,1,2
98,2,nonselect,1,2
99,3,nonselect,1,2
100,4,nonselect,1,2
109,1,select,1,2
110,2,select,1,2
111,3,select,1,2
112,4,select,1,2
121,1,selectA,1,2
122,2,selectA,1,2
123,3,selectA,1,2
124,4,selectA,1,2
133,1,wtNonselect,1,2
134,2,wtNonselect,1,2
135,3,wtNonselect,1,2
136,4,wtNonselect,1,2
,,,,
Variant calling parameters,,,,
Posterior threshold:,0.9,,,
Minimum coverage:,0.9,,,
Per-base mutation rate:,0.0025,,,
Maximum depth drop:,0.2,,,
,,,,
Scoring function parameters,,,,
Minimum read count:,10,,,
WT filter quantile:,0.9,,,
Pseudo-replicates:,8,,,
SD threshold:,0.3,,,
Replicate disagreement factor:,10,,,
,,,,
,,,,
Score scaling pivots,,,,
Condition,Time point,Region,Type,Value