Project name:,CBS tileseq,,,,
,,,,,
Template construct,,,,,
Gene name:,CBS,,,,
Sequence:,TGCATAACCACTTTAACTAATACTTTCAACATTTTCGGTTTGTATTACTTCTTATTCAAATGTAATAAAAGTATCAACAAAAAATTGTTAATATACCTCTATACTTTAACGTCAAGGAGAAAAAACCCCGGATTCTAGAACTAGTGGATCCCCCATCACAAGTTTGTACAAAAAAGTTGGCATGCCTTCTGAGACCCCCCAGGCAGAAGTGGGGCCCACAGGCTGCCCCCACCGCTCAGGGCCACACTCGGCGAAGGGGAGCCTGGAGAAGGGGTCCCCAGAGGATAAGGAAGCCAAGGAGCCCCTGTGGATCCGGCCCGATGCTCCGAGCAGGTGCACCTGGCAGCTGGGCCGGCCTGCCTCCGAGTCCCCACATCACCACACTGCCCCGGCAAAATCTCCAAAAATCTTGCCAGATATTCTGAAGAAAATCGGGGACACCCCTATGGTCAGAATCAACAAGATTGGGAAGAAGTTCGGCCTGAAGTGTGAGCTCTTGGCCAAGTGTGAGTTCTTCAACGCGGGCGGGAGCGTGAAGGACCGCATCAGCCTGCGGATGATTGAGGATGCTGAGCGCGACGGGACGCTGAAGCCCGGGGACACGATTATCGAGCCGACATCCGGGAACACCGGGATCGGGCTGGCCCTGGCTGCGGCAGTGAGGGGCTATCGCTGCATCATCGTGATGCCAGAGAAGATGAGCTCCGAGAAGGTGGACGTGCTGCGGGCACTGGGGGCTGAGATTGTGAGGACGCCCACCAATGCCAGGTTCGACTCCCCGGAGTCACACGTGGGGGTGGCCTGGCGGCTGAAGAACGAAATCCCCAATTCTCACATCCTAGACCAGTACCGCAACGCCAGCAACCCCCTGGCTCACTACGACACCACCGCTGATGAGATCCTGCAGCAGTGTGATGGGAAGCTGGACATGCTGGTGGCTTCAGTGGGCACGGGCGGCACCATCACGGGCATTGCCAGGAAGCTGAAGGAGAAGTGTCCTGGATGCAGGATCATTGGGGTGGATCCCGAAGGGTCCATCCTCGCAGAGCCGGAGGAGCTGAACCAGACGGAGCAGACAACCTACGAGGTGGAAGGGATCGGCTACGACTTCATCCCCACGGTGCTGGACAGGACGGTGGTGGACAAGTGGTTCAAGAGCAACGATGAGGAGGCGTTCACCTTTGCCCGCATGCTGATCGCGCAAGAGGGGCTGCTGTGCGGTGGCAGTGCTGGCAGCACGGTGGCGGTGGCCGTGAAGGCTGCGCAGGAGCTGCAGGAGGGCCAGCGCTGCGTGGTCATTCTGCCCGACTCAGTGCGGAACTACATGACCAAGTTCCTGAGCGACAGGTGGATGCTGCAGAAGGGCTTTCTGAAGGAGGAGGACCTCACGGAGAAGAAGCCCTGGTGGTGGCACCTCCGTGTTCAGGAGCTGGGCCTGTCAGCCCCGCTGACCGTGCTCCCGACCATCACCTGTGGGCACACCATCGAGATCCTCCGGGAGAAGGGCTTCGACCAGGCGCCCGTGGTGGATGAGGCGGGGGTAATCCTGGGAATGGTGACGCTTGGGAACATGCTCTCGTCCCTGCTTGCCGGGAAGGTGCAGCCGTCAGACCAAGTTGGCAAAGTCATCTACAAGCAGTTCAAACAGATCCGCCTCACGGACACGCTGGGCAGGCTCTCGCACATCCTGGAGATGGACCACTTCGCCCTGGTGGTGCACGAGCAGATCCAGTACCACAGCACCGGGAAGTCCAGTCAGCGGCAGATGGTGTTCGGGGTGGTCACCGCCATTGACTTGCTGAACTTCGTGGCCGCCCAGGAGCGGGACCAGAAGTGACCAACTTTCTTGTACAAAGTGGTGATGGGCTGCAGGAATTCGATATCAAGCTCGAGTCATGTAATTAGTTATGTCACGCTTACATTCACGCCCTCCCCCCACATCCGCTCTAACCGAAAAGGAAGGAGTTAGACAACCTGAAGTCTAGGTCCCTATTTATTTTTTTATAGTTATGTTAGTATTAAGAACGTTATTTATATTTCAAATTTTTCTTTTTTTTCTGTACAGACGCGTGTACGCATGTAACATTATACTGAAAACCTTGCTTGAGAAGGTTTTGGGACGCTCGAAGGCTTTAATTTGCGGCCGGTACCCAATTCGCCCTATAGTGAGTCGTATTACGCGCGCTCACTGGCCGTCGTTTTACAACGTCGTGACTGGGAAAACCCTGGCGTTACCCAACTTAATCGCCTTGCAGCACATCCCCCTTTCGCCAGCTGGCGTAATAGCGAAGAGGCCCGCACCGATCGCCCTTCCCAACAGTTGCGC,,,,
CDS start:,182,,,,
CDS end:,1837,,,,
Uniprot Accession:,P35520,,,,
,,,,,
Assay Type:,,,,,
Assay Name:,Yeast complementation,,,,
Assay Description:,Functional complementation in yeast based on glutathione auxotrophy,,,,
Negative selection?,No,,,,
,,,,,
Conditions and replicates,,,,,
Condition IDs:,nonselect,B6x0,B6x1,B6x400,wtCtrl
Descriptions:,,,,,
Number of Replicates:,6,4,4,4,6
Number of time points:,1,1,1,1,1
,,,,,
Mutagenesis Regions,,,,,
Region Number,Start AA,End AA,,,
1,2,551,,,
,,,,,
Sequencing Tiles,,,,,
Tile Number,Start AA,End AA,,,
1,2,36,,,
2,37,70,,,
3,71,108,,,
4,109,146,,,
5,147,184,,,
6,185,222,,,
7,223,258,,,
8,259,296,,,
9,297,334,,,
10,335,372,,,
11,373,410,,,
12,411,448,,,
13,449,485,,,
14,486,521,,,
15,522,551,,,
,,,,,
Condition definitions,,,,,
Condition 1,Relationship,Condition 2,,,
B6x0,is_selection_for,nonselect,,,
B6x1,is_selection_for,nonselect,,,
B6x400,is_selection_for,nonselect,,,
wtCtrl,is_wt_control_for,B6x0,,,
wtCtrl,is_wt_control_for,B6x1,,,
wtCtrl,is_wt_control_for,B6x400,,,
wtCtrl,is_wt_control_for,nonselect,,,
,,,,,
Time point definitions,,,,,
Time point name,Time,Unit,,,
1,0,h,,,
,,,,,
Sequencing samples,,,,,
Sample ID,Tile ID,Condition,Time point,Replicate,
526037,1,nonselect,1,1,
526038,2,nonselect,1,1,
526039,3,nonselect,1,1,
526040,4,nonselect,1,1,
526041,5,nonselect,1,1,
526042,6,nonselect,1,1,
526043,7,nonselect,1,1,
526044,8,nonselect,1,1,
526045,9,nonselect,1,1,
526046,10,nonselect,1,1,
526047,11,nonselect,1,1,
526048,12,nonselect,1,1,
526019,13,nonselect,1,1,
526020,14,nonselect,1,1,
526021,15,nonselect,1,1,
526049,1,nonselect,1,2,
526050,2,nonselect,1,2,
526051,3,nonselect,1,2,
526052,4,nonselect,1,2,
526053,5,nonselect,1,2,
526054,6,nonselect,1,2,
526055,7,nonselect,1,2,
526056,8,nonselect,1,2,
526057,9,nonselect,1,2,
526058,10,nonselect,1,2,
526059,11,nonselect,1,2,
526060,12,nonselect,1,2,
526022,13,nonselect,1,2,
526023,14,nonselect,1,2,
526024,15,nonselect,1,2,
607001,1,nonselect,1,3,
607002,2,nonselect,1,3,
607003,3,nonselect,1,3,
607004,4,nonselect,1,3,
607005,5,nonselect,1,3,
607006,6,nonselect,1,3,
607007,7,nonselect,1,3,
607008,8,nonselect,1,3,
607009,9,nonselect,1,3,
607010,10,nonselect,1,3,
607011,11,nonselect,1,3,
607012,12,nonselect,1,3,
607013,13,nonselect,1,3,
607014,14,nonselect,1,3,
607015,15,nonselect,1,3,
607025,1,nonselect,1,4,
607026,2,nonselect,1,4,
607027,3,nonselect,1,4,
607028,4,nonselect,1,4,
607029,5,nonselect,1,4,
607030,6,nonselect,1,4,
607031,7,nonselect,1,4,
607032,8,nonselect,1,4,
607033,9,nonselect,1,4,
607034,10,nonselect,1,4,
607035,11,nonselect,1,4,
607036,12,nonselect,1,4,
607016,13,nonselect,1,4,
607017,14,nonselect,1,4,
607018,15,nonselect,1,4,
818037,1,nonselect,1,5,
818038,2,nonselect,1,5,
818099,3,nonselect,1,5,
818100,4,nonselect,1,5,
818041,5,nonselect,1,5,
818102,6,nonselect,1,5,
818043,7,nonselect,1,5,
818044,8,nonselect,1,5,
818105,9,nonselect,1,5,
818046,10,nonselect,1,5,
818047,11,nonselect,1,5,
818048,12,nonselect,1,5,
818109,13,nonselect,1,5,
818020,14,nonselect,1,5,
818111,15,nonselect,1,5,
818121,1,nonselect,1,6,
818122,2,nonselect,1,6,
818123,3,nonselect,1,6,
818124,4,nonselect,1,6,
818125,5,nonselect,1,6,
818126,6,nonselect,1,6,
818127,7,nonselect,1,6,
818128,8,nonselect,1,6,
818129,9,nonselect,1,6,
818130,10,nonselect,1,6,
818131,11,nonselect,1,6,
818060,12,nonselect,1,6,
818112,13,nonselect,1,6,
818023,14,nonselect,1,6,
818024,15,nonselect,1,6,
526061,1,B6x0,1,1,
526062,2,B6x0,1,1,
526063,3,B6x0,1,1,
526064,4,B6x0,1,1,
526065,5,B6x0,1,1,
526066,6,B6x0,1,1,
526067,7,B6x0,1,1,
526068,8,B6x0,1,1,
526069,9,B6x0,1,1,
526070,10,B6x0,1,1,
526071,11,B6x0,1,1,
526072,12,B6x0,1,1,
526076,13,B6x0,1,1,
526077,14,B6x0,1,1,
526078,15,B6x0,1,1,
526085,1,B6x0,1,2,
526086,2,B6x0,1,2,
526087,3,B6x0,1,2,
526088,4,B6x0,1,2,
526089,5,B6x0,1,2,
526090,6,B6x0,1,2,
526091,7,B6x0,1,2,
526092,8,B6x0,1,2,
526093,9,B6x0,1,2,
526094,10,B6x0,1,2,
526095,11,B6x0,1,2,
526096,12,B6x0,1,2,
526073,13,B6x0,1,2,
526074,14,B6x0,1,2,
526075,15,B6x0,1,2,
818061,1,B6x0,1,3,
818062,2,B6x0,1,3,
818063,3,B6x0,1,3,
818064,4,B6x0,1,3,
818065,5,B6x0,1,3,
818066,6,B6x0,1,3,
818067,7,B6x0,1,3,
818068,8,B6x0,1,3,
818069,9,B6x0,1,3,
818070,10,B6x0,1,3,
818071,11,B6x0,1,3,
818072,12,B6x0,1,3,
818076,13,B6x0,1,3,
818077,14,B6x0,1,3,
818078,15,B6x0,1,3,
818085,1,B6x0,1,4,
818086,2,B6x0,1,4,
818087,3,B6x0,1,4,
818088,4,B6x0,1,4,
818089,5,B6x0,1,4,
818090,6,B6x0,1,4,
818091,7,B6x0,1,4,
818092,8,B6x0,1,4,
818093,9,B6x0,1,4,
818094,10,B6x0,1,4,
818095,11,B6x0,1,4,
818096,12,B6x0,1,4,
818073,13,B6x0,1,4,
818074,14,B6x0,1,4,
818075,15,B6x0,1,4,
607037,1,B6x1,1,1,
607038,2,B6x1,1,1,
607039,3,B6x1,1,1,
607040,4,B6x1,1,1,
607041,5,B6x1,1,1,
607042,6,B6x1,1,1,
607043,7,B6x1,1,1,
607044,8,B6x1,1,1,
607045,9,B6x1,1,1,
607046,10,B6x1,1,1,
607047,11,B6x1,1,1,
607048,12,B6x1,1,1,
607019,13,B6x1,1,1,
607020,14,B6x1,1,1,
607021,15,B6x1,1,1,
607049,1,B6x1,1,2,
607050,2,B6x1,1,2,
607051,3,B6x1,1,2,
607052,4,B6x1,1,2,
607053,5,B6x1,1,2,
607054,6,B6x1,1,2,
607055,7,B6x1,1,2,
607056,8,B6x1,1,2,
607057,9,B6x1,1,2,
607058,10,B6x1,1,2,
607059,11,B6x1,1,2,
607060,12,B6x1,1,2,
607022,13,B6x1,1,2,
607023,14,B6x1,1,2,
607024,15,B6x1,1,2,
818133,1,B6x1,1,3,
818134,2,B6x1,1,3,
818135,3,B6x1,1,3,
818136,4,B6x1,1,3,
818137,5,B6x1,1,3,
818138,6,B6x1,1,3,
818139,7,B6x1,1,3,
818140,8,B6x1,1,3,
818141,9,B6x1,1,3,
818142,10,B6x1,1,3,
818143,11,B6x1,1,3,
818144,12,B6x1,1,3,
818115,13,B6x1,1,3,
818116,14,B6x1,1,3,
818117,15,B6x1,1,3,
818145,1,B6x1,1,4,
818146,2,B6x1,1,4,
818147,3,B6x1,1,4,
818148,4,B6x1,1,4,
818149,5,B6x1,1,4,
818150,6,B6x1,1,4,
818151,7,B6x1,1,4,
818152,8,B6x1,1,4,
818153,9,B6x1,1,4,
818154,10,B6x1,1,4,
818155,11,B6x1,1,4,
818156,12,B6x1,1,4,
818118,13,B6x1,1,4,
818119,14,B6x1,1,4,
818120,15,B6x1,1,4,
607061,1,B6x400,1,1,
607062,2,B6x400,1,1,
607063,3,B6x400,1,1,
607064,4,B6x400,1,1,
607065,5,B6x400,1,1,
607066,6,B6x400,1,1,
607067,7,B6x400,1,1,
607068,8,B6x400,1,1,
607069,9,B6x400,1,1,
607070,10,B6x400,1,1,
607071,11,B6x400,1,1,
607072,12,B6x400,1,1,
607073,13,B6x400,1,1,
607074,14,B6x400,1,1,
607075,15,B6x400,1,1,
607085,1,B6x400,1,2,
607086,2,B6x400,1,2,
607087,3,B6x400,1,2,
607088,4,B6x400,1,2,
607089,5,B6x400,1,2,
607090,6,B6x400,1,2,
607091,7,B6x400,1,2,
607092,8,B6x400,1,2,
607093,9,B6x400,1,2,
607094,10,B6x400,1,2,
607095,11,B6x400,1,2,
607096,12,B6x400,1,2,
607076,13,B6x400,1,2,
607077,14,B6x400,1,2,
607078,15,B6x400,1,2,
818157,1,B6x400,1,3,
818158,2,B6x400,1,3,
818159,3,B6x400,1,3,
818160,4,B6x400,1,3,
818161,5,B6x400,1,3,
818162,6,B6x400,1,3,
818163,7,B6x400,1,3,
818164,8,B6x400,1,3,
818165,9,B6x400,1,3,
818166,10,B6x400,1,3,
818167,11,B6x400,1,3,
818168,12,B6x400,1,3,
818169,13,B6x400,1,3,
818170,14,B6x400,1,3,
818171,15,B6x400,1,3,
818181,1,B6x400,1,4,
818182,2,B6x400,1,4,
818183,3,B6x400,1,4,
818184,4,B6x400,1,4,
818185,5,B6x400,1,4,
818186,6,B6x400,1,4,
818187,7,B6x400,1,4,
818188,8,B6x400,1,4,
818189,9,B6x400,1,4,
818190,10,B6x400,1,4,
818191,11,B6x400,1,4,
818192,12,B6x400,1,4,
818172,13,B6x400,1,4,
818173,14,B6x400,1,4,
818174,15,B6x400,1,4,
526001,1,wtCtrl,1,1,
526002,2,wtCtrl,1,1,
526003,3,wtCtrl,1,1,
526004,4,wtCtrl,1,1,
526005,5,wtCtrl,1,1,
526006,6,wtCtrl,1,1,
526007,7,wtCtrl,1,1,
526008,8,wtCtrl,1,1,
526009,9,wtCtrl,1,1,
526010,10,wtCtrl,1,1,
526011,11,wtCtrl,1,1,
526012,12,wtCtrl,1,1,
526013,13,wtCtrl,1,1,
526014,14,wtCtrl,1,1,
526015,15,wtCtrl,1,1,
526025,1,wtCtrl,1,2,
526026,2,wtCtrl,1,2,
526027,3,wtCtrl,1,2,
526028,4,wtCtrl,1,2,
526029,5,wtCtrl,1,2,
526030,6,wtCtrl,1,2,
526031,7,wtCtrl,1,2,
526032,8,wtCtrl,1,2,
526033,9,wtCtrl,1,2,
526034,10,wtCtrl,1,2,
526035,11,wtCtrl,1,2,
526036,12,wtCtrl,1,2,
526016,13,wtCtrl,1,2,
526017,14,wtCtrl,1,2,
526018,15,wtCtrl,1,2,
607001,1,wtCtrl,1,3,
607002,2,wtCtrl,1,3,
607003,3,wtCtrl,1,3,
607004,4,wtCtrl,1,3,
607005,5,wtCtrl,1,3,
607006,6,wtCtrl,1,3,
607007,7,wtCtrl,1,3,
607008,8,wtCtrl,1,3,
607009,9,wtCtrl,1,3,
607010,10,wtCtrl,1,3,
607011,11,wtCtrl,1,3,
607012,12,wtCtrl,1,3,
607013,13,wtCtrl,1,3,
607014,14,wtCtrl,1,3,
526015,15,wtCtrl,1,3,
607025,1,wtCtrl,1,4,
607026,2,wtCtrl,1,4,
607027,3,wtCtrl,1,4,
607028,4,wtCtrl,1,4,
607029,5,wtCtrl,1,4,
607030,6,wtCtrl,1,4,
607031,7,wtCtrl,1,4,
607032,8,wtCtrl,1,4,
607033,9,wtCtrl,1,4,
607034,10,wtCtrl,1,4,
607035,11,wtCtrl,1,4,
607036,12,wtCtrl,1,4,
607016,13,wtCtrl,1,4,
607017,14,wtCtrl,1,4,
526018,15,wtCtrl,1,4,
818001,1,wtCtrl,1,5,
818002,2,wtCtrl,1,5,
818003,3,wtCtrl,1,5,
818004,4,wtCtrl,1,5,
818005,5,wtCtrl,1,5,
818006,6,wtCtrl,1,5,
818007,7,wtCtrl,1,5,
818008,8,wtCtrl,1,5,
818009,9,wtCtrl,1,5,
818010,10,wtCtrl,1,5,
818011,11,wtCtrl,1,5,
818012,12,wtCtrl,1,5,
818013,13,wtCtrl,1,5,
818014,14,wtCtrl,1,5,
818015,15,wtCtrl,1,5,
818025,1,wtCtrl,1,6,
818026,2,wtCtrl,1,6,
818027,3,wtCtrl,1,6,
818028,4,wtCtrl,1,6,
818029,5,wtCtrl,1,6,
818030,6,wtCtrl,1,6,
818031,7,wtCtrl,1,6,
818032,8,wtCtrl,1,6,
818033,9,wtCtrl,1,6,
818034,10,wtCtrl,1,6,
818035,11,wtCtrl,1,6,
818084,12,wtCtrl,1,6,
818016,13,wtCtrl,1,6,
818017,14,wtCtrl,1,6,
818018,15,wtCtrl,1,6,
,,,,,
,,,,,
,,,,,
Variant calling parameters,,,,,
Posterior threshold:,0.9,,,,
Minimum coverage:,0.9,,,,
Per-base mutation rate:,0.0025,,,,
Maximum depth drop:,0.2,,,,
,,,,,
Scoring function parameters,,,,,
Minimum read count:,100,,,,
WT filter quantile:,0.9,,,,
Pseudo-replicates:,8,,,,
SD threshold:,0.3,,,,
Replicate disagreement factor:,10,,,,
Last functional AA position:,Inf,,,,
Maximum logPhi SD:,1,,,,
,,,,,
Score scaling pivots,,,,,
Condition,Time point,Region,Type,Value,
,,,,,
,,,,,