Project name:,UBE2I tileseq,,,
,,,,
Template construct,,,,
Gene name:,UBE2I,,,
Sequence:,GTCTTGCTATCAAGTATAAATAGACCTGCAATTATTAATCTTTTGTTTCCTCGTCATTGTTCTCGTTCCCTTTCTTCCTTGTTTCTTTTTCTGCACAATATTTCAAGCTATACCAAGCATACAATCAACTCCAAGCTTGAAGCAAGCCTCCTGAAAGACAAGTTTGTACAAAAAAGTTGGCATGTCGGGGATCGCCCTCAGCAGACTCGCCCAGGAGAGGAAAGCATGGAGGAAAGACCACCCATTTGGTTTCGTGGCTGTCCCAACAAAAAATCCCGATGGCACGATGAACCTCATGAACTGGGAGTGCGCCATTCCAGGAAAGAAAGGGACTCCGTGGGAAGGAGGCTTGTTTAAACTACGGATGCTTTTCAAAGATGATTATCCATCTTCGCCACCAAAATGTAAATTCGAACCACCATTATTTCACCCGAATGTGTACCCTTCGGGGACAGTGTGCCTGTCCATCTTAGAGGAGGACAAGGACTGGAGGCCAGCCATCACAATCAAACAGATCCTATTAGGAATACAGGAACTTCTAAATGAACCAAATATCCAAGACCCAGCTCAAGCAGAGGCCTACACGATTTACTGCCAAAACAGAGTGGAGTACGAGAAAAGGGTCCGAGCACAAGCCAAGAAGTTTGCGCCCTCATACCCAACTTTCTTGTACAAAGTGGTTTGATGGCCGCTAAGTAAGTAAGACGTCGAGCTCTAAGTAAGTAACGGCCGCCACCGCGGTGGAGCTTTGGACTTCTTCGCCAGAGGTTTGGTCAAGTCTCCAATCAAGGTTGTCGGCTTGTCTACCTTGCCAGAAATTTACGAAAAGATGGAAAAGGGTCAAATCGTTGGTAGATACGTTGTTGACACTTCTAAATAAGCGAATTTCTTATGATTTATGATTTTTATTATTAAATAAGTTATAAAAAAAATAAGTGTATACAAATTTTAAAGTGACTCTTAGGTTTTAAAACGAAAATTCTTATTCTTGAGTAACTCTTTCCTGTAGGTCAGGTTGCTTTCTCAGGTATAGCATGAGGTCGCTCTTATTGACCACACCTCTACCGGCATGCCGAGCAAATGCCTGCAAATCGCTCCCCATTTCACCCAATTGTAGATATGCTAACTCCAGCAATGAGTTGATGAA,,,
CDS start:,182,,,
CDS end:,658,,,
Uniprot Accession:,P63279,,,
,,,,
Assay,,,,
Assay Name:,Yeast complementation,,,
Negative selection?,No,,,
,,,,
Conditions and replicates,,,,
Condition IDs:,nonselect,select,wtCtrl,
Number of Replicates:,2,2,2,
Number of time points:,1,1,1,
,,,,
Mutagenesis Regions,,,,
Region Number,Start AA,End AA,,
1,2,158,,
,,,,
Sequencing Tiles,,,,
Tile Number,Start AA,End AA,,
1,2,35,,
2,36,71,,
3,72,105,,
4,106,142,,
5,143,158,,
,,,,
,,,,
Condition definitions,,,,
Condition 1,Relationship,Condition 2,,
select,is_selection_for,nonselect,,
wtCtrl,is_wt_control_for,select,,
wtCtrl,is_wt_control_for,nonselect,,
,,,,
Time point definitions,,,,
Time point name,Time,Unit,,
1,0,h,,
,,,,
Sequencing samples,,,,
Sample ID,Tile ID,Condition,Time point,Replicate
1,1,nonselect,1,1
2,2,nonselect,1,1
3,3,nonselect,1,1
4,4,nonselect,1,1
5,5,nonselect,1,1
13,1,nonselect,1,2
14,2,nonselect,1,2
15,3,nonselect,1,2
16,4,nonselect,1,2
17,5,nonselect,1,2
25,1,select,1,1
26,2,select,1,1
27,3,select,1,1
28,4,select,1,1
29,5,select,1,1
37,1,select,1,2
12,2,select,1,2
39,3,select,1,2
40,4,select,1,2
41,5,select,1,2
73,1,wtCtrl,1,1
74,2,wtCtrl,1,1
75,3,wtCtrl,1,1
76,4,wtCtrl,1,1
77,5,wtCtrl,1,1
85,1,wtCtrl,1,2
86,2,wtCtrl,1,2
87,3,wtCtrl,1,2
88,4,wtCtrl,1,2
89,5,wtCtrl,1,2
,,,,
Variant calling parameters,,,,
Posterior threshold:,0.9,,,
Minimum coverage:,0.9,,,
Per-base mutation rate:,0.0025,,,
Maximum depth drop:,0.2,,,
,,,,
Scoring function parameters,,,,
Minimum read count:,100,,,
WT filter quantile:,0.9,,,
Pseudo-replicates:,8,,,
SD threshold:,0.3,,,
Replicate disagreement factor:,10,,,
Last functional AA position:,Inf,,,
Maximum logPhi SD:,1,,,
,,,,
Score scaling pivots,,,,
Condition,Time point,Region,Type,Value
select,1,1,synonymous,-0.042
select,1,1,nonsense,-1.477