"","hgvsc","hgvsp","maf","hom","referenceSet","source"
"1","c.286G>T","p.Asp96Tyr",NA,NA,"Positive","Clinvar"
"2","c.293A>G","p.Asn98Ser",NA,NA,"Positive","Clinvar"
"3","c.46G>A","p.Ala16Thr",9.19455682236116e-05,0,"Negative","GnomAD"
"4","c.394G>T","p.Asp132Tyr",NA,NA,"Positive","Clinvar"
"5","c.388G>A","p.Asp130Asn",NA,NA,"Positive","Clinvar"
"6","c.395A>G","p.Asp132Gly",NA,NA,"Positive","Clinvar"
"7","c.414C>G","p.Asn138Lys",NA,NA,"Positive","Clinvar"
"8","c.287A>T","p.Asp96Val",NA,NA,"Positive","Clinvar"
"9","c.396T>G","p.Asp132Glu",NA,NA,"Positive","Clinvar"
"10","c.293A>T","p.Asn98Ile",NA,NA,"Positive","Clinvar"
"11","c.151G>C","p.Ala51Pro",0.000315855969677827,0,"Negative","GnomAD"
"12","c.149A>G","p.Gln50Arg",0.000308641975308642,0,"Negative","GnomAD"
"13","c.101G>A","p.Arg34Gln",0.000248756218905473,0,"Negative","GnomAD"
"14","c.43A>G","p.Asn15Asp",9.9304865938431e-05,0,"Negative","GnomAD"
"15","c.116A>T","p.Lys39Met",9.19117647058824e-05,0,"Negative","GnomAD"
"16","c.109C>T","p.Pro37Ser",4.73230905132978e-05,0,"Negative","GnomAD"
"17","c.106C>A","p.Gln36Lys",1.57838247364101e-05,0,"Negative","GnomAD"
"18","c.103C>G","p.Gln35Glu",1.57828282828283e-05,0,"Negative","GnomAD"
"19","c.101C>T","p.Ala34Val",0.00014203648759548,1,"Negative","GnomAD"
"20","c.59C>T","p.Ala20Val",1.83705336640029e-05,0,"Negative","GnomAD"
"21","c.46C>T","p.Arg16Trp",4.59010373634444e-05,0,"Negative","GnomAD"
"22","c.35T>G","p.Val12Gly",2.75289972103949e-05,0,"Negative","GnomAD"
"23","c.29G>C","p.Gly10Ala",1.84107813535606e-05,0,"Negative","GnomAD"
"24","c.23T>G","p.Leu8Arg",2.77520814061055e-05,0,"Negative","GnomAD"
"25","c.18C>G","p.Ser6Arg",2.80720140734364e-05,0,"Negative","GnomAD"
"26","c.5C>G","p.Pro2Arg",1.96463654223969e-05,0,"Negative","GnomAD"
"27","c.390C>G","p.Asp130Glu",NA,NA,"Positive","Clinvar"
"28","c.421G>A","p.Glu141Lys",NA,NA,"Positive","Clinvar"
"29","c.281A>C","p.Asp94Ala",NA,NA,"Positive","Clinvar"
"30","c.286G>C","p.Asp96His",NA,NA,"Positive","Clinvar"
"31","c.82A>G","p.Ile28Val",1.82835411562511e-05,0,"Negative","GnomAD"
"32","c.260G>A","p.Arg87Gln",9.19793966151582e-05,0,"Negative","GnomAD"
"33","c.310G>A","p.Ala104Thr",1.03222609880468e-05,0,"Negative","GnomAD"
