Project name:,TECR Tileseq,,,
,,,,
Template construct,,,,
Gene name:,TECR,,,
Sequence:,GTCTTGCTATCAAGTATAAATAGACCTGCAATTATTAATCTTTTGTTTCCTCGTCATTGTTCTCGTTCCCTTTCTTCCTTGTTTCTTTTTCTGCACAATATTTCAAGCTATACCAAGCATACAATCAACTCCAAGCTTGAAGCAAGCCTCCTGAAAGACAAGTTTGTACAAAAAAGTTGGCATGAAGCATTACGAGGTGGAGATTCTGGACGCAAAGACAAGGGAGAAGCTGTGTTTCTTGGACAAGGTGGAGCCCCACGCCACCATTGCGGAGATCAAGAACCTCTTCACTAAGACCCATCCGCAGTGGTACCCCGCCCGCCAGTCCCTCCGCCTGGACCCCAAGGGCAAGTCCCTGAAGGATGAGGATGTTCTGCAGAAGCTGCCCGTGGGCACCACGGCCACACTGTACTTCCGGGACCTGGGGGCCCAGATCAGCTGGGTGACGGTCTTCCTAACAGAGTACGCGGGGCCCCTTTTCATCTACCTGCTCTTCTACTTCCGAGTGCCCTTCATCTATGGCCACAAATATGACTTTACGTCCAGTCGGCATACAGTGGTGCACCTCGCCTGCATCTGTCACTCATTCCACTACATCAAGCGCCTGCTGGAGACGCTCTTCGTGCACCGCTTCTCCCATGGCACTATGCCTTTGCGCAACATCTTCAAGAACTGCACCTACTACTGGGGCTTCGCCGCGTGGATGGCCTATTACATCAATCACCCTCTCTACACTCCCCCTACCTACGGAGCTCAGCAGGTGAAACTGGCGCTCGCCATCTTTGTGATCTGCCAGCTCGGCAACTTCTCCATCCACATGGCCCTGCGGGACCTGCGGCCCGCTGGGTCCAAGACGCGGAAGATCCCATACCCCACCAAGAACCCCTTCACGTGGCTCTTCCTGCTGGTGTCCTGCCCCAACTACACCTACGAGGTGGGGTCCTGGATCGGTTTCGCCATCATGACGCAGTGTCTCCCAGTGGCCCTGTTCTCCCTGGTGGGCTTCACCCAGATGACCATCTGGGCCAAGGGCAAGCACCGCAGCTACCTGAAGGAGTTCCGGGACTACCCGCCCCTGCGCATGCCCATCATCCCCTTCCTGCTCTGACCAACTTTCTTGTACAAAGTGGTTTGATGGCCGCTAAGTAAGTAAGACGTCGAGCTCTAAGTAAGTAACGGCCGCCACCGCGGTGGAGCTTTGGACTTCTTCGCCAGAGGTTTGGTCAAGTCTCCAATCAAGGTTGTCGGCTTGTCTACCTTGCCAGAAATTTACGAAAAGATGGAAAAGGGTCAAATCGTTGGTAGATACGTTGTTGACACTTCTAAATAAGCGAATTTCTTATGATTTATGATTTTTATTATTAAATAAGTTATAAAAAAAATAAGTGTATACAAATTTTAAAGTGACTCTTAGGTTTTAAAACGAAAATTCTTATTCTTGAGTAACTCTTTCCTGTAGGTCAGGTTGCTTTCTCAGGTATAGCATGAGGTCGCTCTTATTGACCACACCTCTACCGGCATGCCGAGCAAATGCCTGCAAATCGCTCCCCATTTCACCCAATTGTAGATATGCTAACTCCAGCAATGAGTTGATGAA,,,
CDS start:,182,,,
CDS end:,1108,,,
Uniprot Accession: ,Q9NZ01,,,
,,,,
Assay Type:,,,,
Assay Name:,Yeast complementation,,,
Assay Description:,Functional complementation in yeast based on glutathione auxotrophy,,,
Negative selection?,No,,,
,,,,
Conditions and replicates,,,,
Condition IDs:,nonselect,select,wtSelect,wtNonselect
Descriptions:,pre-selection library,"post-selection library, glutathione-deficient media",wildtype control for post-selection condition,wildtype control for pre-selection condition
Number of Replicates:,2,2,2,2
Number of time points:,1,1,1,1
,,,,
Mutagenesis Regions,,,,
Region Number,Start AA,End AA,,
1,2,308,,
,,,,
Sequencing Tiles,,,,
Tile Number,Start AA,End AA,,
1,2,36,,
2,37,73,,
3,74,109,,
4,110,146,,
5,147,184,,
6,185,219,,
7,220,257,,
8,258,295,,
9,296,308,,
,,,,
Condition definitions,,,,
Condition 1,Relationship,Condition 2,,
select,is_selection_for,nonselect,,
wtSelect,is_wt_control_for,select,,
wtNonselect,is_wt_control_for,nonselect,,
,,,,
Time point definitions,,,,
Time point name,Time,Unit,,
1,0,h,,
,,,,
Sequencing samples,,,,
Sample ID,Tile ID,Condition,Time point,Replicate
1,1,nonselect,1,1
2,2,nonselect,1,1
3,3,nonselect,1,1
4,4,nonselect,1,1
5,5,nonselect,1,1
6,6,nonselect,1,1
7,7,nonselect,1,1
8,8,nonselect,1,1
9,9,nonselect,1,1
49,1,nonselect,1,2
50,2,nonselect,1,2
51,3,nonselect,1,2
52,4,nonselect,1,2
53,5,nonselect,1,2
54,6,nonselect,1,2
55,7,nonselect,1,2
56,8,nonselect,1,2
57,9,nonselect,1,2
13,1,select,1,1
14,2,select,1,1
15,3,select,1,1
16,4,select,1,1
17,5,select,1,1
18,6,select,1,1
19,7,select,1,1
20,8,select,1,1
21,9,select,1,1
61,1,select,1,2
62,2,select,1,2
63,3,select,1,2
64,4,select,1,2
65,5,select,1,2
66,6,select,1,2
67,7,select,1,2
68,8,select,1,2
69,9,select,1,2
25,1,wtNonselect,1,1
26,2,wtNonselect,1,1
27,3,wtNonselect,1,1
28,4,wtNonselect,1,1
29,5,wtNonselect,1,1
30,6,wtNonselect,1,1
31,7,wtNonselect,1,1
32,8,wtNonselect,1,1
33,9,wtNonselect,1,1
73,1,wtNonselect,1,2
74,2,wtNonselect,1,2
75,3,wtNonselect,1,2
76,4,wtNonselect,1,2
77,5,wtNonselect,1,2
78,6,wtNonselect,1,2
79,7,wtNonselect,1,2
80,8,wtNonselect,1,2
81,9,wtNonselect,1,2
25,1,wtSelect,1,1
26,2,wtSelect,1,1
27,3,wtSelect,1,1
28,4,wtSelect,1,1
29,5,wtSelect,1,1
30,6,wtSelect,1,1
31,7,wtSelect,1,1
32,8,wtSelect,1,1
33,9,wtSelect,1,1
73,1,wtSelect,1,2
74,2,wtSelect,1,2
75,3,wtSelect,1,2
76,4,wtSelect,1,2
77,5,wtSelect,1,2
78,6,wtSelect,1,2
79,7,wtSelect,1,2
80,8,wtSelect,1,2
81,9,wtSelect,1,2
,,,,
Variant calling parameters,,,,
Posterior threshold:,0.9,,,
Minimum coverage:,0.9,,,
Per-base mutation rate:,0.0025,,,
Maximum depth drop:,0.2,,,
,,,,
Scoring function parameters,,,,
Minimum read count:,100,,,
WT filter quantile:,0.9,,,
Pseudo-replicates:,8,,,
SD threshold:,0.3,,,
Replicate disagreement factor:,10,,,
Last functional AA position:,Inf,,,
Maximum logPhi SD:,1,,,
,,,,
Score scaling pivots,,,,
Condition,Time point,Region,Type,Value
select,1,1,synonymous,-0.04
select,1,1,nonsense,-0.479