Project name:,MTHFR with WT background,,,,,,,
,,,,,,,,
Template construct,,,,,,,,
Gene name:,MTHFR,,,,,,,
Sequence:,GTCTTGCTATCAAGTATAAATAGACCTGCAATTATTAATCTTTTGTTTCCTCGTCATTGTTCTCGTTCCCTTTCTTCCTTGTTTCTTTTTCTGCACAATATTTCAAGCTATACCAAGCATACAATCAACTCCAAGCTTGAAGCAAGCCTCCTGAAAGACAAGTTTGTACAAAAAAGTTGGCATGGTGAACGAAGCCAGAGGAAACAGCAGCCTCAACCCCTGCTTGGAGGGCAGTGCCAGCAGTGGCAGTGAGAGCTCCAAAGATAGTTCGAGATGTTCCACCCCGGGCCTGGACCCCGAGCGGCATGAGAGACTCCGGGAGAAGATGAGGCGGCGATTGGAATCTGGTGACAAGTGGTTCTCCCTGGAATTCTTCCCTCCTCGAACTGCTGAGGGAGCTGTCAATCTCATCTCAAGGTTTGACCGGATGGCAGCAGGTGGCCCCCTCTACATAGACGTGACCTGGCACCCAGCAGGTGACCCTGGCTCAGACAAGGAGACCTCCTCCATGATGATCGCCAGCACCGCCGTGAACTACTGTGGCCTGGAGACCATCCTGCACATGACCTGCTGCCGTCAGCGCCTGGAGGAGATCACGGGCCATCTGCACAAAGCTAAGCAGCTGGGCCTGAAGAACATCATGGCGCTGCGGGGAGACCCAATAGGTGACCAGTGGGAAGAGGAGGAGGGAGGCTTCAACTACGCAGTGGACCTGGTGAAGCACATCCGAAGTGAGTTTGGTGACTACTTTGACATCTGTGTGGCAGGTTACCCCAAAGGCCACCCCGAAGCAGGGAGCTTTGAGGCTGACCTGAAGCACTTGAAGGAGAAGGTGTCTGCGGGAGCCGATTTCATCATCACGCAGCTTTTCTTTGAGGCTGACACATTCTTCCGCTTTGTGAAGGCATGCACCGACATGGGCATCACTTGCCCCATCGTCCCCGGGATCTTTCCCATCCAGGGCTACCACTCCCTTCGGCAGCTTGTGAAGCTGTCCAAGCTGGAGGTGCCACAGGAGATCAAGGACGTGATTGAGCCAATCAAAGACAACGATGCTGCCATCCGCAACTATGGCATCGAGCTGGCCGTGAGCCTGTGCCAGGAGCTTCTGGCCAGTGGCTTGGTGCCAGGCCTCCACTTCTACACCCTCAACCGCGAGATGGCTACCACAGAGGTGCTGAAGCGCCTGGGGATGTGGACTGAGGACCCCAGGCGTCCCCTACCCTGGGCTCTCAGCGCCCACCCCAAGCGCCGAGAGGAAGATGTACGTCCCATCTTCTGGGCCTCCAGACCAAAGAGTTACATCTACCGTACCCAGGAGTGGGACGAGTTCCCTAACGGCCGCTGGGGCAATTCCTCTTCCCCTGCCTTTGGGGAGCTGAAGGACTACTACCTCTTCTACCTGAAGAGCAAGTCCCCCAAGGAGGAGCTGCTGAAGATGTGGGGGGAGGAGCTGACCAGTGAAGAAAGTGTCTTTGAAGTCTTTGTTCTTTACCTCTCGGGAGAACCAAACCGGAATGGTCACAAAGTGACTTGCCTGCCCTGGAACGATGAGCCCCTGGCGGCTGAGACCAGCCTGCTGAAGGAGGAGCTGCTGCGGGTGAACCGCCAGGGCATCCTCACCATCAACTCACAGCCCAACATCAACGGGAAGCCGTCCTCCGACCCCATCGTGGGCTGGGGCCCCAGCGGGGGCTATGTCTTCCAGAAGGCCTACTTAGAGTTTTTCACTTCCCGCGAGACAGCGGAAGCACTTCTGCAAGTGCTGAAGAAGTACGAGCTCCGGGTTAATTACCACCTTGTCAATGTGAAGGGTGAAAACATCACCAATGCCCCTGAACTGCAGCCGAATGCTGTCACTTGGGGCATCTTCCCTGGGCGAGAGATCATCCAGCCCACCGTAGTGGATCCCGTCAGCTTCATGTTCTGGAAGGACGAGGCCTTTGCCCTGTGGATTGAGCGGTGGGGAAAGCTGTATGAGGAGGAGTCCCCGTCCCGCACCATCATCCAGTACATCCACGACAACTACTTCCTGGTCAACCTGGTGGACAATGACTTCCCACTGGACAACTGCCTCTGGCAGGTGGTGGAAGACACATTGGAGCTTCTCAACAGGCCCACCCAGAATGCGAGAGAAACGGAGGCTCCATGACCAACTTTCTTGTACAAAGTGGTTTGATGGCCGCTAAGTAAGTAAGACGTCGAGCTCTAAGTAAGTAACGGCCGCCACCGCGGTGGAGCTTTGGACTTCTTCGCCAGAGGTTTGGTCAAGTCTCCAATCAAGGTTGTCGGCTTGTCTACCTTGCCAGAAATTTACGAAAAGATGGAAAAGGGTCAAATCGTTGGTAGATACGTTGTTGACACTTCTAAATAAGCGAATTTCTTATGATTTATGATTTTTATTATTAAATAAGTTATAAAAAAAATAAGTGTATACAAATTTTAAAGTGACTCTTAGGTTTTAAAACGAAAATTCTTATTCTTGAGTAACTCTTTCCTGTAGGTCAGGTTGCTTTCTCAGGTATAGCATGAGGTCGCTCTTATTGACCACACCTCTACCGGCATGCCGAGCAAATGCCTGCAAATCGCTCCCCATTTCACCCAATTGTAGATATGCTAACTCCAGCAATGAGTTGATGAA,,,,,,,
CDS start:,182,,,,,,,
CDS end:,2152,,,,,,,
Uniprot Accession:,P42898,,,,,,,
,,,,,,,,
Assay Type:,,,,,,,,
Assay Name:,Yeast complementation,,,,,,,
Assay Description:,Functional complementation in yeast,,,,,,,
Negative selection?,No,,,,,,,
,,,,,,,,
Conditions and replicates,,,,,,,,
Condition IDs:,nsOld,nsNew,f12WT,f25WT,f100WT,f200WT,ctrlOld,ctrlNew
Descriptions:,,,,,,,,
Number of Replicates:,2,2,2,2,2,2,2,2
Number of time points:,1,1,1,1,1,1,1,1
,,,,,,,,
Mutagenesis Regions,,,,,,,,
Region Number,Start AA,End AA,,,,,,
1,2,147,,,,,,
2,148,294,,,,,,
3,295,474,,,,,,
4,475,656,,,,,,
,,,,,,,,
,,,,,,,,
Sequencing Tiles,,,,,,,,
Tile Number,Start AA,End AA,,,,,,
1,2,36,,,,,,
2,37,72,,,,,,
3,73,110,,,,,,
4,111,147,,,,,,
5,148,182,,,,,,
6,183,219,,,,,,
7,220,256,,,,,,
8,257,294,,,,,,
9,295,332,,,,,,
10,333,367,,,,,,
11,368,402,,,,,,
12,403,439,,,,,,
13,440,474,,,,,,
14,475,510,,,,,,
15,511,547,,,,,,
16,548,583,,,,,,
17,584,620,,,,,,
18,621,654,,,,,,
19,655,656,,,,,,
,,,,,,,,
Condition definitions,,,,,,,,
Condition 1,Relationship,Condition 2,,,,,,
f12WT,is_selection_for,nsOld,,,,,,
f25WT,is_selection_for,nsOld,,,,,,
f100WT,is_selection_for,nsOld,,,,,,
f200WT,is_selection_for,nsNew,,,,,,
ctrlOld,is_wt_control_for,f12WT,,,,,,
ctrlOld,is_wt_control_for,f25WT,,,,,,
ctrlOld,is_wt_control_for,f100WT,,,,,,
ctrlNew,is_wt_control_for,f200WT,,,,,,
ctrlOld,is_wt_control_for,nsOld,,,,,,
ctrlNew,is_wt_control_for,nsNew,,,,,,
,,,,,,,,
Time point definitions,,,,,,,,
Time point name,Time,Unit,,,,,,
1,0,h,,,,,,
,,,,,,,,
Sequencing samples,,,,,,,,
Sample ID,Tile ID,Condition,Time point,Replicate,,,,
601001,1,nsOld,1,1,,,,
601002,2,nsOld,1,1,,,,
601003,3,nsOld,1,1,,,,
601004,4,nsOld,1,1,,,,
601005,5,nsOld,1,1,,,,
601006,6,nsOld,1,1,,,,
601007,7,nsOld,1,1,,,,
601008,8,nsOld,1,1,,,,
601009,9,nsOld,1,1,,,,
601097,10,nsOld,1,1,,,,
601098,11,nsOld,1,1,,,,
601099,12,nsOld,1,1,,,,
601100,13,nsOld,1,1,,,,
601101,14,nsOld,1,1,,,,
601102,15,nsOld,1,1,,,,
601103,16,nsOld,1,1,,,,
601104,17,nsOld,1,1,,,,
601105,18,nsOld,1,1,,,,
601106,19,nsOld,1,1,,,,
604097,1,nsOld,1,2,,,,
604098,2,nsOld,1,2,,,,
604099,3,nsOld,1,2,,,,
604100,4,nsOld,1,2,,,,
604101,5,nsOld,1,2,,,,
604102,6,nsOld,1,2,,,,
604103,7,nsOld,1,2,,,,
604104,8,nsOld,1,2,,,,
604105,9,nsOld,1,2,,,,
604001,10,nsOld,1,2,,,,
604002,11,nsOld,1,2,,,,
604003,12,nsOld,1,2,,,,
604004,13,nsOld,1,2,,,,
604005,14,nsOld,1,2,,,,
604006,15,nsOld,1,2,,,,
604007,16,nsOld,1,2,,,,
604008,17,nsOld,1,2,,,,
604009,18,nsOld,1,2,,,,
604010,19,nsOld,1,2,,,,
601028,1,f12WT,1,1,,,,
601029,2,f12WT,1,1,,,,
601030,3,f12WT,1,1,,,,
601031,4,f12WT,1,1,,,,
601032,5,f12WT,1,1,,,,
601033,6,f12WT,1,1,,,,
601034,7,f12WT,1,1,,,,
601035,8,f12WT,1,1,,,,
601036,9,f12WT,1,1,,,,
601127,10,f12WT,1,1,,,,
601128,11,f12WT,1,1,,,,
601129,12,f12WT,1,1,,,,
601130,13,f12WT,1,1,,,,
601131,14,f12WT,1,1,,,,
601132,15,f12WT,1,1,,,,
601133,16,f12WT,1,1,,,,
601134,17,f12WT,1,1,,,,
601135,18,f12WT,1,1,,,,
601136,19,f12WT,1,1,,,,
604124,1,f12WT,1,2,,,,
604125,2,f12WT,1,2,,,,
604126,3,f12WT,1,2,,,,
604127,4,f12WT,1,2,,,,
604128,5,f12WT,1,2,,,,
604129,6,f12WT,1,2,,,,
604130,7,f12WT,1,2,,,,
604131,8,f12WT,1,2,,,,
604132,9,f12WT,1,2,,,,
604031,10,f12WT,1,2,,,,
604032,11,f12WT,1,2,,,,
604033,12,f12WT,1,2,,,,
604034,13,f12WT,1,2,,,,
604035,14,f12WT,1,2,,,,
604036,15,f12WT,1,2,,,,
604037,16,f12WT,1,2,,,,
604038,17,f12WT,1,2,,,,
604039,18,f12WT,1,2,,,,
604040,19,f12WT,1,2,,,,
601019,1,f25WT,1,1,,,,
601020,2,f25WT,1,1,,,,
601021,3,f25WT,1,1,,,,
601022,4,f25WT,1,1,,,,
601023,5,f25WT,1,1,,,,
601024,6,f25WT,1,1,,,,
601025,7,f25WT,1,1,,,,
601026,8,f25WT,1,1,,,,
601027,9,f25WT,1,1,,,,
601117,10,f25WT,1,1,,,,
601118,11,f25WT,1,1,,,,
601119,12,f25WT,1,1,,,,
601120,13,f25WT,1,1,,,,
601121,14,f25WT,1,1,,,,
601122,15,f25WT,1,1,,,,
601123,16,f25WT,1,1,,,,
601124,17,f25WT,1,1,,,,
601125,18,f25WT,1,1,,,,
601126,19,f25WT,1,1,,,,
604115,1,f25WT,1,2,,,,
604116,2,f25WT,1,2,,,,
604117,3,f25WT,1,2,,,,
604118,4,f25WT,1,2,,,,
604119,5,f25WT,1,2,,,,
604120,6,f25WT,1,2,,,,
604121,7,f25WT,1,2,,,,
604122,8,f25WT,1,2,,,,
604123,9,f25WT,1,2,,,,
604021,10,f25WT,1,2,,,,
604022,11,f25WT,1,2,,,,
604023,12,f25WT,1,2,,,,
604024,13,f25WT,1,2,,,,
604025,14,f25WT,1,2,,,,
604026,15,f25WT,1,2,,,,
604027,16,f25WT,1,2,,,,
604028,17,f25WT,1,2,,,,
604029,18,f25WT,1,2,,,,
604030,19,f25WT,1,2,,,,
601010,1,f100WT,1,1,,,,
601011,2,f100WT,1,1,,,,
601012,3,f100WT,1,1,,,,
601013,4,f100WT,1,1,,,,
601014,5,f100WT,1,1,,,,
601015,6,f100WT,1,1,,,,
601016,7,f100WT,1,1,,,,
601017,8,f100WT,1,1,,,,
601018,9,f100WT,1,1,,,,
601107,10,f100WT,1,1,,,,
601108,11,f100WT,1,1,,,,
601109,12,f100WT,1,1,,,,
601110,13,f100WT,1,1,,,,
601111,14,f100WT,1,1,,,,
601112,15,f100WT,1,1,,,,
601113,16,f100WT,1,1,,,,
601114,17,f100WT,1,1,,,,
601115,18,f100WT,1,1,,,,
601116,19,f100WT,1,1,,,,
604106,1,f100WT,1,2,,,,
604107,2,f100WT,1,2,,,,
604108,3,f100WT,1,2,,,,
604109,4,f100WT,1,2,,,,
604110,5,f100WT,1,2,,,,
604111,6,f100WT,1,2,,,,
604112,7,f100WT,1,2,,,,
604113,8,f100WT,1,2,,,,
604114,9,f100WT,1,2,,,,
604011,10,f100WT,1,2,,,,
604012,11,f100WT,1,2,,,,
604013,12,f100WT,1,2,,,,
604014,13,f100WT,1,2,,,,
604015,14,f100WT,1,2,,,,
604016,15,f100WT,1,2,,,,
604017,16,f100WT,1,2,,,,
604018,17,f100WT,1,2,,,,
604019,18,f100WT,1,2,,,,
604020,19,f100WT,1,2,,,,
312043,1,nsNew,1,1,,,,
312044,2,nsNew,1,1,,,,
312045,3,nsNew,1,1,,,,
312046,4,nsNew,1,1,,,,
312047,9,nsNew,1,1,,,,
312048,10,nsNew,1,1,,,,
312049,11,nsNew,1,1,,,,
312050,12,nsNew,1,1,,,,
312051,13,nsNew,1,1,,,,
312052,14,nsNew,1,1,,,,
312053,15,nsNew,1,1,,,,
312054,16,nsNew,1,1,,,,
312055,17,nsNew,1,1,,,,
312056,18,nsNew,1,1,,,,
312057,19,nsNew,1,1,,,,
312058,1,f200WT,1,1,,,,
312059,2,f200WT,1,1,,,,
312060,3,f200WT,1,1,,,,
312061,4,f200WT,1,1,,,,
312062,9,f200WT,1,1,,,,
312063,10,f200WT,1,1,,,,
312064,11,f200WT,1,1,,,,
312065,12,f200WT,1,1,,,,
312066,13,f200WT,1,1,,,,
312067,14,f200WT,1,1,,,,
312068,15,f200WT,1,1,,,,
312069,16,f200WT,1,1,,,,
312070,17,f200WT,1,1,,,,
312071,18,f200WT,1,1,,,,
312072,19,f200WT,1,1,,,,
312139,1,nsNew,1,2,,,,
312140,2,nsNew,1,2,,,,
312141,3,nsNew,1,2,,,,
312142,4,nsNew,1,2,,,,
312143,9,nsNew,1,2,,,,
312144,10,nsNew,1,2,,,,
312145,11,nsNew,1,2,,,,
312146,12,nsNew,1,2,,,,
312147,13,nsNew,1,2,,,,
312148,14,nsNew,1,2,,,,
312149,15,nsNew,1,2,,,,
312150,16,nsNew,1,2,,,,
312151,17,nsNew,1,2,,,,
312152,18,nsNew,1,2,,,,
312153,19,nsNew,1,2,,,,
312154,1,f200WT,1,2,,,,
312155,2,f200WT,1,2,,,,
312156,3,f200WT,1,2,,,,
312157,4,f200WT,1,2,,,,
312158,9,f200WT,1,2,,,,
312159,10,f200WT,1,2,,,,
312160,11,f200WT,1,2,,,,
312161,12,f200WT,1,2,,,,
312162,13,f200WT,1,2,,,,
312163,14,f200WT,1,2,,,,
312164,15,f200WT,1,2,,,,
312165,16,f200WT,1,2,,,,
312166,17,f200WT,1,2,,,,
312167,18,f200WT,1,2,,,,
312168,19,f200WT,1,2,,,,
1123097,5,nsNew,1,1,,,,
1123098,6,nsNew,1,1,,,,
1123099,7,nsNew,1,1,,,,
1123100,8,nsNew,1,1,,,,
1123101,5,nsNew,1,2,,,,
1123102,6,nsNew,1,2,,,,
1123103,7,nsNew,1,2,,,,
1123104,8,nsNew,1,2,,,,
1123109,5,f200WT,1,1,,,,
1123110,6,f200WT,1,1,,,,
1123111,7,f200WT,1,1,,,,
1123112,8,f200WT,1,1,,,,
1123113,5,f200WT,1,2,,,,
1123114,6,f200WT,1,2,,,,
1123115,7,f200WT,1,2,,,,
1123116,8,f200WT,1,2,,,,
601037,1,ctrlOld,1,1,,,,
601038,2,ctrlOld,1,1,,,,
601039,3,ctrlOld,1,1,,,,
601040,4,ctrlOld,1,1,,,,
601041,5,ctrlOld,1,1,,,,
601042,6,ctrlOld,1,1,,,,
601085,7,ctrlOld,1,1,,,,
601044,8,ctrlOld,1,1,,,,
601045,9,ctrlOld,1,1,,,,
601137,10,ctrlOld,1,2,,,,
601138,11,ctrlOld,1,2,,,,
601139,12,ctrlOld,1,2,,,,
601140,13,ctrlOld,1,2,,,,
601141,14,ctrlOld,1,2,,,,
601142,15,ctrlOld,1,2,,,,
601143,16,ctrlOld,1,2,,,,
601144,17,ctrlOld,1,2,,,,
601185,18,ctrlOld,1,2,,,,
601186,19,ctrlOld,1,2,,,,
604133,1,ctrlOld,1,2,,,,
604134,2,ctrlOld,1,2,,,,
604135,3,ctrlOld,1,2,,,,
604136,4,ctrlOld,1,2,,,,
604137,5,ctrlOld,1,2,,,,
604138,6,ctrlOld,1,2,,,,
604139,7,ctrlOld,1,2,,,,
604140,8,ctrlOld,1,2,,,,
604141,9,ctrlOld,1,2,,,,
604041,10,ctrlOld,1,1,,,,
604042,11,ctrlOld,1,1,,,,
604043,12,ctrlOld,1,1,,,,
604044,13,ctrlOld,1,1,,,,
604045,14,ctrlOld,1,1,,,,
604046,15,ctrlOld,1,1,,,,
604047,16,ctrlOld,1,1,,,,
604048,17,ctrlOld,1,1,,,,
604089,18,ctrlOld,1,1,,,,
604090,19,ctrlOld,1,1,,,,
312073,1,ctrlNew,1,1,,,,
312074,2,ctrlNew,1,1,,,,
312075,3,ctrlNew,1,1,,,,
312076,4,ctrlNew,1,1,,,,
312077,9,ctrlNew,1,1,,,,
312078,10,ctrlNew,1,1,,,,
312079,11,ctrlNew,1,1,,,,
312080,12,ctrlNew,1,1,,,,
312081,13,ctrlNew,1,1,,,,
312082,14,ctrlNew,1,1,,,,
312083,15,ctrlNew,1,1,,,,
312084,16,ctrlNew,1,1,,,,
312085,17,ctrlNew,1,1,,,,
312086,18,ctrlNew,1,1,,,,
312087,19,ctrlNew,1,1,,,,
312169,1,ctrlNew,1,2,,,,
312170,2,ctrlNew,1,2,,,,
312171,3,ctrlNew,1,2,,,,
312172,4,ctrlNew,1,2,,,,
312173,9,ctrlNew,1,2,,,,
312174,10,ctrlNew,1,2,,,,
312175,11,ctrlNew,1,2,,,,
312176,12,ctrlNew,1,2,,,,
312177,13,ctrlNew,1,2,,,,
312178,14,ctrlNew,1,2,,,,
312179,15,ctrlNew,1,2,,,,
312180,16,ctrlNew,1,2,,,,
312181,17,ctrlNew,1,2,,,,
312182,18,ctrlNew,1,2,,,,
312183,19,ctrlNew,1,2,,,,
1123169,5,ctrlNew,1,1,,,,
1123170,6,ctrlNew,1,1,,,,
1123171,7,ctrlNew,1,1,,,,
1123172,8,ctrlNew,1,1,,,,
1123181,5,ctrlNew,1,2,,,,
1123182,6,ctrlNew,1,2,,,,
1123183,7,ctrlNew,1,2,,,,
1123184,8,ctrlNew,1,2,,,,
,,,,,,,,
,,,,,,,,
,,,,,,,,
Variant calling parameters,,,,,,,,
Posterior threshold:,0.9,,,,,,,
Minimum coverage:,0.9,,,,,,,
Per-base mutation rate:,0.0025,,,,,,,
Maximum depth drop:,0.2,,,,,,,
,,,,,,,,
Scoring function parameters,,,,,,,,
Minimum read count:,100,,,,,,,
WT filter quantile:,0.9,,,,,,,
Pseudo-replicates:,8,,,,,,,
SD threshold:,0.3,,,,,,,
Replicate disagreement factor:,10,,,,,,,
Last functional AA position:,Inf,,,,,,,
Maximum logPhi SD:,1,,,,,,,
,,,,,,,,
Score scaling pivots,,,,,,,,
Condition,Time point,Region,Type,Value,,,,
f12WT,1,1,nonsense,-0.64,,,,
f12WT,1,1,synonymous,-0.15,,,,
f12WT,1,2,nonsense,-0.973,,,,
f12WT,1,2,synonymous,0.05,,,,
f12WT,1,3,nonsense,-0.883,,,,
f12WT,1,3,synonymous,-0.098,,,,
f12WT,1,4,nonsense,-0.475,,,,
f12WT,1,4,synonymous,-0.04,,,,
f25WT,1,1,nonsense,-0.673,,,,
f25WT,1,1,synonymous,-0.126,,,,
f25WT,1,2,nonsense,-0.97,,,,
f25WT,1,2,synonymous,0.01,,,,
f25WT,1,3,nonsense,-0.839,,,,
f25WT,1,3,synonymous,-0.099,,,,
f25WT,1,4,nonsense,-0.478,,,,
f25WT,1,4,synonymous,-0.048,,,,
f100WT,1,1,nonsense,-0.67,,,,
f100WT,1,1,synonymous,-0.12,,,,
f100WT,1,2,nonsense,-0.976,,,,
f100WT,1,2,synonymous,0.057,,,,
f100WT,1,3,nonsense,-0.793,,,,
f100WT,1,3,synonymous,-0.097,,,,
f100WT,1,4,nonsense,-0.495,,,,
f100WT,1,4,synonymous,-0.05,,,,
f200WT,1,1,nonsense,-0.707,,,,
f200WT,1,1,synonymous,-0.067,,,,
f200WT,1,2,nonsense,-0.711,,,,
f200WT,1,2,synonymous,-0.001,,,,
f200WT,1,3,nonsense,-0.666,,,,
f200WT,1,3,synonymous,-0.018,,,,
f200WT,1,4,nonsense,-0.44,,,,
f200WT,1,4,synonymous,-0.015,,,,