"Project name:","MTHFR with A222V background",,,,,
,,,,,,
"Template construct",,,,,,
"Gene name:","MTHFR",,,,,
"Sequence:","GTCTTGCTATCAAGTATAAATAGACCTGCAATTATTAATCTTTTGTTTCCTCGTCATTGTTCTCGTTCCCTTTCTTCCTTGTTTCTTTTTCTGCACAATATTTCAAGCTATACCAAGCATACAATCAACTCCAAGCTTGAAGCAAGCCTCCTGAAAGACAAGTTTGTACAAAAAAGTTGGCATGGTGAACGAAGCCAGAGGAAACAGCAGCCTCAACCCCTGCTTGGAGGGCAGTGCCAGCAGTGGCAGTGAGAGCTCCAAAGATAGTTCGAGATGTTCCACCCCGGGCCTGGACCCCGAGCGGCATGAGAGACTCCGGGAGAAGATGAGGCGGCGATTGGAATCTGGTGACAAGTGGTTCTCCCTGGAATTCTTCCCTCCTCGAACTGCTGAGGGAGCTGTCAATCTCATCTCAAGGTTTGACCGGATGGCAGCAGGTGGCCCCCTCTACATAGACGTGACCTGGCACCCAGCAGGTGACCCTGGCTCAGACAAGGAGACCTCCTCCATGATGATCGCCAGCACCGCCGTGAACTACTGTGGCCTGGAGACCATCCTGCACATGACCTGCTGCCGTCAGCGCCTGGAGGAGATCACGGGCCATCTGCACAAAGCTAAGCAGCTGGGCCTGAAGAACATCATGGCGCTGCGGGGAGACCCAATAGGTGACCAGTGGGAAGAGGAGGAGGGAGGCTTCAACTACGCAGTGGACCTGGTGAAGCACATCCGAAGTGAGTTTGGTGACTACTTTGACATCTGTGTGGCAGGTTACCCCAAAGGCCACCCCGAAGCAGGGAGCTTTGAGGCTGACCTGAAGCACTTGAAGGAGAAGGTGTCTGCGGGAGTCGATTTCATCATCACGCAGCTTTTCTTTGAGGCTGACACATTCTTCCGCTTTGTGAAGGCATGCACCGACATGGGCATCACTTGCCCCATCGTCCCCGGGATCTTTCCCATCCAGGGCTACCACTCCCTTCGGCAGCTTGTGAAGCTGTCCAAGCTGGAGGTGCCACAGGAGATCAAGGACGTGATTGAGCCAATCAAAGACAACGATGCTGCCATCCGCAACTATGGCATCGAGCTGGCCGTGAGCCTGTGCCAGGAGCTTCTGGCCAGTGGCTTGGTGCCAGGCCTCCACTTCTACACCCTCAACCGCGAGATGGCTACCACAGAGGTGCTGAAGCGCCTGGGGATGTGGACTGAGGACCCCAGGCGTCCCCTACCCTGGGCTCTCAGCGCCCACCCCAAGCGCCGAGAGGAAGATGTACGTCCCATCTTCTGGGCCTCCAGACCAAAGAGTTACATCTACCGTACCCAGGAGTGGGACGAGTTCCCTAACGGCCGCTGGGGCAATTCCTCTTCCCCTGCCTTTGGGGAGCTGAAGGACTACTACCTCTTCTACCTGAAGAGCAAGTCCCCCAAGGAGGAGCTGCTGAAGATGTGGGGGGAGGAGCTGACCAGTGAAGAAAGTGTCTTTGAAGTCTTTGTTCTTTACCTCTCGGGAGAACCAAACCGGAATGGTCACAAAGTGACTTGCCTGCCCTGGAACGATGAGCCCCTGGCGGCTGAGACCAGCCTGCTGAAGGAGGAGCTGCTGCGGGTGAACCGCCAGGGCATCCTCACCATCAACTCACAGCCCAACATCAACGGGAAGCCGTCCTCCGACCCCATCGTGGGCTGGGGCCCCAGCGGGGGCTATGTCTTCCAGAAGGCCTACTTAGAGTTTTTCACTTCCCGCGAGACAGCGGAAGCACTTCTGCAAGTGCTGAAGAAGTACGAGCTCCGGGTTAATTACCACCTTGTCAATGTGAAGGGTGAAAACATCACCAATGCCCCTGAACTGCAGCCGAATGCTGTCACTTGGGGCATCTTCCCTGGGCGAGAGATCATCCAGCCCACCGTAGTGGATCCCGTCAGCTTCATGTTCTGGAAGGACGAGGCCTTTGCCCTGTGGATTGAGCGGTGGGGAAAGCTGTATGAGGAGGAGTCCCCGTCCCGCACCATCATCCAGTACATCCACGACAACTACTTCCTGGTCAACCTGGTGGACAATGACTTCCCACTGGACAACTGCCTCTGGCAGGTGGTGGAAGACACATTGGAGCTTCTCAACAGGCCCACCCAGAATGCGAGAGAAACGGAGGCTCCATGACCAACTTTCTTGTACAAAGTGGTTTGATGGCCGCTAAGTAAGTAAGACGTCGAGCTCTAAGTAAGTAACGGCCGCCACCGCGGTGGAGCTTTGGACTTCTTCGCCAGAGGTTTGGTCAAGTCTCCAATCAAGGTTGTCGGCTTGTCTACCTTGCCAGAAATTTACGAAAAGATGGAAAAGGGTCAAATCGTTGGTAGATACGTTGTTGACACTTCTAAATAAGCGAATTTCTTATGATTTATGATTTTTATTATTAAATAAGTTATAAAAAAAATAAGTGTATACAAATTTTAAAGTGACTCTTAGGTTTTAAAACGAAAATTCTTATTCTTGAGTAACTCTTTCCTGTAGGTCAGGTTGCTTTCTCAGGTATAGCATGAGGTCGCTCTTATTGACCACACCTCTACCGGCATGCCGAGCAAATGCCTGCAAATCGCTCCCCATTTCACCCAATTGTAGATATGCTAACTCCAGCAATGAGTTGATGAA",,,,,
"CDS start:",182,,,,,
"CDS end:",2152,,,,,
"Uniprot Accession:","P42898",,,,,
,,,,,,
"Assay Type:",,,,,,
"Assay Name:","Yeast complementation",,,,,
"Assay Description:",,,,,,
"Negative selection?","No",,,,,
,,,,,,
"Conditions and replicates",,,,,,
"Condition IDs:","nsAV","f12AV","f25AV","f100AV","f200AV","ctrl"
"Descriptions:",,,,,,
"Number of Replicates:",4,2,2,2,2,4
"Number of time points:",1,1,1,1,1,1
,,,,,,
"Mutagenesis Regions",,,,,,
"Region Number","Start AA","End AA",,,,
1,2,656,,,,
,,,,,,
"Sequencing Tiles",,,,,,
"Tile Number","Start AA","End AA",,,,
1,2,36,,,,
2,37,72,,,,
3,73,110,,,,
4,111,147,,,,
5,148,182,,,,
6,183,219,,,,
7,220,256,,,,
8,257,294,,,,
9,295,332,,,,
10,333,367,,,,
11,368,402,,,,
12,403,439,,,,
13,440,474,,,,
14,475,510,,,,
15,511,547,,,,
16,548,583,,,,
17,584,620,,,,
18,621,654,,,,
19,655,656,,,,
,,,,,,
"Condition definitions",,,,,,
"Condition 1","Relationship","Condition 2",,,,
"f12AV","is_selection_for","nsAV",,,,
"f25AV","is_selection_for","nsAV",,,,
"f100AV","is_selection_for","nsAV",,,,
"f200AV","is_selection_for","nsAV",,,,
"ctrl","is_wt_control_for","f12AV",,,,
"ctrl","is_wt_control_for","f25AV",,,,
"ctrl","is_wt_control_for","f100AV",,,,
"ctrl","is_wt_control_for","f200AV",,,,
"ctrl","is_wt_control_for","nsAV",,,,
,,,,,,
,,,,,,
"Time point definitions",,,,,,
"Time point name","Time","Unit",,,,
1,0,"h",,,,
,,,,,,
"Sequencing samples",,,,,,
"Sample ID","Tile ID","Condition","Time point","Replicate",,
601049,1,"nsAV",1,1,,
601050,2,"nsAV",1,1,,
601051,3,"nsAV",1,1,,
601052,4,"nsAV",1,1,,
601053,5,"nsAV",1,1,,
601054,6,"nsAV",1,1,,
601055,7,"nsAV",1,1,,
601056,8,"nsAV",1,1,,
601057,9,"nsAV",1,1,,
601145,10,"nsAV",1,1,,
601146,11,"nsAV",1,1,,
601147,12,"nsAV",1,1,,
601148,13,"nsAV",1,1,,
601149,14,"nsAV",1,1,,
601150,15,"nsAV",1,1,,
601151,16,"nsAV",1,1,,
601152,17,"nsAV",1,1,,
601153,18,"nsAV",1,1,,
601154,19,"nsAV",1,1,,
604145,1,"nsAV",1,2,,
604146,2,"nsAV",1,2,,
604147,3,"nsAV",1,2,,
604148,4,"nsAV",1,2,,
604149,5,"nsAV",1,2,,
604150,6,"nsAV",1,2,,
604151,7,"nsAV",1,2,,
604152,8,"nsAV",1,2,,
604153,9,"nsAV",1,2,,
604049,10,"nsAV",1,2,,
604050,11,"nsAV",1,2,,
604051,12,"nsAV",1,2,,
604052,13,"nsAV",1,2,,
604053,14,"nsAV",1,2,,
604054,15,"nsAV",1,2,,
604055,16,"nsAV",1,2,,
604056,17,"nsAV",1,2,,
604057,18,"nsAV",1,2,,
604058,19,"nsAV",1,2,,
601076,1,"f12AV",1,1,,
601077,2,"f12AV",1,1,,
601078,3,"f12AV",1,1,,
601079,4,"f12AV",1,1,,
601080,5,"f12AV",1,1,,
601081,6,"f12AV",1,1,,
601082,7,"f12AV",1,1,,
601083,8,"f12AV",1,1,,
601084,9,"f12AV",1,1,,
601175,10,"f12AV",1,1,,
601176,11,"f12AV",1,1,,
601177,12,"f12AV",1,1,,
601178,13,"f12AV",1,1,,
601179,14,"f12AV",1,1,,
601180,15,"f12AV",1,1,,
601181,16,"f12AV",1,1,,
601182,17,"f12AV",1,1,,
601183,18,"f12AV",1,1,,
601184,19,"f12AV",1,1,,
604172,1,"f12AV",1,2,,
604173,2,"f12AV",1,2,,
604174,3,"f12AV",1,2,,
604175,4,"f12AV",1,2,,
604176,5,"f12AV",1,2,,
604177,6,"f12AV",1,2,,
604178,7,"f12AV",1,2,,
604179,8,"f12AV",1,2,,
604180,9,"f12AV",1,2,,
604079,10,"f12AV",1,2,,
604080,11,"f12AV",1,2,,
604081,12,"f12AV",1,2,,
604082,13,"f12AV",1,2,,
604083,14,"f12AV",1,2,,
604084,15,"f12AV",1,2,,
604085,16,"f12AV",1,2,,
604086,17,"f12AV",1,2,,
604087,18,"f12AV",1,2,,
604088,19,"f12AV",1,2,,
601067,1,"f25AV",1,1,,
601068,2,"f25AV",1,1,,
601069,3,"f25AV",1,1,,
601070,4,"f25AV",1,1,,
601071,5,"f25AV",1,1,,
601072,6,"f25AV",1,1,,
601073,7,"f25AV",1,1,,
601074,8,"f25AV",1,1,,
601075,9,"f25AV",1,1,,
601165,10,"f25AV",1,1,,
601166,11,"f25AV",1,1,,
601167,12,"f25AV",1,1,,
601168,13,"f25AV",1,1,,
601169,14,"f25AV",1,1,,
601170,15,"f25AV",1,1,,
601171,16,"f25AV",1,1,,
601172,17,"f25AV",1,1,,
601173,18,"f25AV",1,1,,
601174,19,"f25AV",1,1,,
604163,1,"f25AV",1,2,,
604164,2,"f25AV",1,2,,
604165,3,"f25AV",1,2,,
604166,4,"f25AV",1,2,,
604167,5,"f25AV",1,2,,
604168,6,"f25AV",1,2,,
604169,7,"f25AV",1,2,,
604170,8,"f25AV",1,2,,
604171,9,"f25AV",1,2,,
604069,10,"f25AV",1,2,,
604070,11,"f25AV",1,2,,
604071,12,"f25AV",1,2,,
604072,13,"f25AV",1,2,,
604073,14,"f25AV",1,2,,
604074,15,"f25AV",1,2,,
604075,16,"f25AV",1,2,,
604076,17,"f25AV",1,2,,
604077,18,"f25AV",1,2,,
604078,19,"f25AV",1,2,,
601058,1,"f100AV",1,1,,
601059,2,"f100AV",1,1,,
601060,3,"f100AV",1,1,,
601061,4,"f100AV",1,1,,
601062,5,"f100AV",1,1,,
601063,6,"f100AV",1,1,,
601064,7,"f100AV",1,1,,
601065,8,"f100AV",1,1,,
601066,9,"f100AV",1,1,,
601155,10,"f100AV",1,1,,
601156,11,"f100AV",1,1,,
601157,12,"f100AV",1,1,,
601158,13,"f100AV",1,1,,
601159,14,"f100AV",1,1,,
601160,15,"f100AV",1,1,,
601161,16,"f100AV",1,1,,
601162,17,"f100AV",1,1,,
601163,18,"f100AV",1,1,,
601164,19,"f100AV",1,1,,
604154,1,"f100AV",1,2,,
604155,2,"f100AV",1,2,,
604156,3,"f100AV",1,2,,
604157,4,"f100AV",1,2,,
604158,5,"f100AV",1,2,,
604159,6,"f100AV",1,2,,
604160,7,"f100AV",1,2,,
604161,8,"f100AV",1,2,,
604162,9,"f100AV",1,2,,
604059,10,"f100AV",1,2,,
604060,11,"f100AV",1,2,,
604061,12,"f100AV",1,2,,
604062,13,"f100AV",1,2,,
604063,14,"f100AV",1,2,,
604064,15,"f100AV",1,2,,
604065,16,"f100AV",1,2,,
604066,17,"f100AV",1,2,,
604067,18,"f100AV",1,2,,
604068,19,"f100AV",1,2,,
312013,1,"nsAV",1,3,,
312014,2,"nsAV",1,3,,
312015,3,"nsAV",1,3,,
312016,4,"nsAV",1,3,,
312017,9,"nsAV",1,3,,
312018,10,"nsAV",1,3,,
312019,11,"nsAV",1,3,,
312020,12,"nsAV",1,3,,
312021,13,"nsAV",1,3,,
312022,14,"nsAV",1,3,,
312023,15,"nsAV",1,3,,
312024,16,"nsAV",1,3,,
312025,17,"nsAV",1,3,,
312026,18,"nsAV",1,3,,
312027,19,"nsAV",1,3,,
312028,1,"f200AV",1,1,,
312029,2,"f200AV",1,1,,
312030,3,"f200AV",1,1,,
312031,4,"f200AV",1,1,,
312032,9,"f200AV",1,1,,
312033,10,"f200AV",1,1,,
312034,11,"f200AV",1,1,,
312035,12,"f200AV",1,1,,
312036,13,"f200AV",1,1,,
312037,14,"f200AV",1,1,,
312038,15,"f200AV",1,1,,
312039,16,"f200AV",1,1,,
312040,17,"f200AV",1,1,,
312041,18,"f200AV",1,1,,
312042,19,"f200AV",1,1,,
312109,1,"nsAV",1,4,,
312110,2,"nsAV",1,4,,
312111,3,"nsAV",1,4,,
312112,4,"nsAV",1,4,,
312113,9,"nsAV",1,4,,
312114,10,"nsAV",1,4,,
312115,11,"nsAV",1,4,,
312116,12,"nsAV",1,4,,
312117,13,"nsAV",1,4,,
312118,14,"nsAV",1,4,,
312119,15,"nsAV",1,4,,
312120,16,"nsAV",1,4,,
312121,17,"nsAV",1,4,,
312122,18,"nsAV",1,4,,
312123,19,"nsAV",1,4,,
312124,1,"f200AV",1,2,,
312125,2,"f200AV",1,2,,
312126,3,"f200AV",1,2,,
312127,4,"f200AV",1,2,,
312128,9,"f200AV",1,2,,
312129,10,"f200AV",1,2,,
312130,11,"f200AV",1,2,,
312131,12,"f200AV",1,2,,
312132,13,"f200AV",1,2,,
312133,14,"f200AV",1,2,,
312134,15,"f200AV",1,2,,
312135,16,"f200AV",1,2,,
312136,17,"f200AV",1,2,,
312137,18,"f200AV",1,2,,
312138,19,"f200AV",1,2,,
1123133,5,"nsAV",1,3,,
1123134,6,"nsAV",1,3,,
1123135,7,"nsAV",1,3,,
1123136,8,"nsAV",1,3,,
1123137,5,"nsAV",1,4,,
1123138,6,"nsAV",1,4,,
1123139,7,"nsAV",1,4,,
1123140,8,"nsAV",1,4,,
1123145,5,"f200AV",1,1,,
1123146,6,"f200AV",1,1,,
1123147,7,"f200AV",1,1,,
1123148,8,"f200AV",1,1,,
1123149,5,"f200AV",1,2,,
1123150,6,"f200AV",1,2,,
1123151,7,"f200AV",1,2,,
1123152,8,"f200AV",1,2,,
601037,1,"ctrl",1,1,,
601038,2,"ctrl",1,1,,
601039,3,"ctrl",1,1,,
601040,4,"ctrl",1,1,,
601041,5,"ctrl",1,1,,
601042,6,"ctrl",1,1,,
601085,7,"ctrl",1,1,,
601044,8,"ctrl",1,1,,
601045,9,"ctrl",1,1,,
601137,10,"ctrl",1,2,,
601138,11,"ctrl",1,2,,
601139,12,"ctrl",1,2,,
601140,13,"ctrl",1,2,,
601141,14,"ctrl",1,2,,
601142,15,"ctrl",1,2,,
601143,16,"ctrl",1,2,,
601144,17,"ctrl",1,2,,
601185,18,"ctrl",1,2,,
601186,19,"ctrl",1,2,,
604133,1,"ctrl",1,2,,
604134,2,"ctrl",1,2,,
604135,3,"ctrl",1,2,,
604136,4,"ctrl",1,2,,
604137,5,"ctrl",1,2,,
604138,6,"ctrl",1,2,,
604181,7,"ctrl",1,2,,
604140,8,"ctrl",1,2,,
604141,9,"ctrl",1,2,,
604041,10,"ctrl",1,1,,
604042,11,"ctrl",1,1,,
604043,12,"ctrl",1,1,,
604044,13,"ctrl",1,1,,
604045,14,"ctrl",1,1,,
604046,15,"ctrl",1,1,,
604047,16,"ctrl",1,1,,
604048,17,"ctrl",1,1,,
604089,18,"ctrl",1,1,,
604090,19,"ctrl",1,1,,
312073,1,"ctrl",1,3,,
312074,2,"ctrl",1,3,,
312075,3,"ctrl",1,3,,
312076,4,"ctrl",1,3,,
312077,9,"ctrl",1,3,,
312078,10,"ctrl",1,3,,
312079,11,"ctrl",1,3,,
312080,12,"ctrl",1,3,,
312081,13,"ctrl",1,3,,
312082,14,"ctrl",1,3,,
312083,15,"ctrl",1,3,,
312084,16,"ctrl",1,3,,
312085,17,"ctrl",1,3,,
312086,18,"ctrl",1,3,,
312087,19,"ctrl",1,3,,
312169,1,"ctrl",1,4,,
312170,2,"ctrl",1,4,,
312171,3,"ctrl",1,4,,
312172,4,"ctrl",1,4,,
312173,9,"ctrl",1,4,,
312174,10,"ctrl",1,4,,
312175,11,"ctrl",1,4,,
312176,12,"ctrl",1,4,,
312177,13,"ctrl",1,4,,
312178,14,"ctrl",1,4,,
312179,15,"ctrl",1,4,,
312180,16,"ctrl",1,4,,
312181,17,"ctrl",1,4,,
312182,18,"ctrl",1,4,,
312183,19,"ctrl",1,4,,
1123169,5,"ctrl",1,3,,
1123170,6,"ctrl",1,3,,
1123173,7,"ctrl",1,3,,
1123172,8,"ctrl",1,3,,
1123181,5,"ctrl",1,4,,
1123182,6,"ctrl",1,4,,
1123174,7,"ctrl",1,4,,
1123184,8,"ctrl",1,4,,
,,,,,,
"Variant calling parameters",,,,,,
"Posterior threshold:",0.9,,,,,
"Minimum coverage:",0.9,,,,,
"Per-base mutation rate:",0.0025,,,,,
"Maximum depth drop:",0.2,,,,,
,,,,,,
"Scoring function parameters",,,,,,
"Minimum read count:",10,,,,,
"WT filter quantile:",0.9,,,,,
"Pseudo-replicates:",8,,,,,
"SD threshold:",0.3,,,,,
"Replicate disagreement factor:",10,,,,,
,,,,,,
"Score scaling pivots",,,,,,
"Condition","Time point","Region","Type","Value",,
