hgvsc,hgvsp,maf,hom,source,referenceSet
c.1555C>T,p.Arg519Cys,0.000622095,0,Clinvar,Negative
c.1409A>T,p.Glu470Val,0.001456311,2,Clinvar,Negative
c.1958C>T,p.Thr653Met,0.012526974,11,Clinvar,Negative
c.1781G>A,p.Arg594Gln,0.057957766,313,Clinvar,Negative
c.1932C>A,p.Asn644Lys,0.000493647,1,GnomAD,Negative
c.1832A>G,p.Tyr611Cys,0.000228502,0,GnomAD,Negative
c.1720G>A,p.Val574Ile,0.000137119,0,GnomAD,Negative
c.1625A>C,p.Asn542Thr,0.000109681,1,GnomAD,Negative
c.1556G>T,p.Arg519Leu,0.000457331,1,GnomAD,Negative
c.1408G>C,p.Glu470Gln,0.001456551,2,GnomAD,Negative
c.1286A>C,p.Glu429Ala,0.287978502,5019,GnomAD,Negative
c.1264G>A,p.Gly422Arg,0.000685507,0,GnomAD,Negative
c.1162C>T,p.Arg388Cys,0.000173665,0,GnomAD,Negative
c.938G>C,p.Gly313Ala,0.000228712,0,GnomAD,Negative
c.788A>C,p.His263Pro,0.00026533,0,GnomAD,Negative
c.700G>A,p.Asp234Asn,0.000182802,0,GnomAD,Negative
c.673A>G,p.Ile225Val,0.000182802,0,GnomAD,Negative
c.667G>A,p.Asp223Asn,0.000173662,0,GnomAD,Negative
c.665C>T,p.Ala222Val,0.305848049,6119,GnomAD,Negative
c.575T>C,p.Ile192Thr,0.000164522,0,GnomAD,Negative
c.330G>C,p.Met110Ile,0.000118821,0,GnomAD,Negative
c.203G>A,p.Arg68Gln,0.000210461,0,GnomAD,Negative
c.136C>T,p.Arg46Trp,0.00021033,0,GnomAD,Negative
c.72G>C,p.Glu24Asp,2.75E-05,1,GnomAD,Negative
c.1013T>C,p.Met338Thr,NA,NA,Literature,Positive
c.1015T>G,p.Trp339Gly,NA,NA,Literature,Positive
c.1042C>T,p.Pro348Ser,NA,NA,Literature,Positive
c.1088G>A,p.Arg363His,NA,NA,Literature,Positive
c.1129C>T,p.Arg377Cys,NA,NA,Literature,Positive
c.1603C>T,p.Arg535Trp,NA,NA,Literature,Positive
c.1721T>G,p.Val574Gly,NA,NA,Literature,Positive
c.176G>C,p.Trp59Ser,NA,NA,Literature,Positive
c.177G>T,p.Trp59Cys,NA,NA,Literature,Positive
c.1793T>C,p.Leu598Pro,NA,NA,Literature,Positive
c.337G>A,p.Ala113Thr,NA,NA,Literature,Positive
c.386C>A,p.Thr129Asn,NA,NA,Literature,Positive
c.440A>C,p.Gln147Pro,NA,NA,Literature,Positive
c.446G>T,p.Gly149Val,NA,NA,Literature,Positive
c.446_447delinsTT,p.Gly149Val,NA,NA,Literature,Positive
c.541C>G,p.His181Asp,NA,NA,Literature,Positive
c.578G>A,p.Cys193Tyr,NA,NA,Literature,Positive
c.680C>T,p.Thr227Met,NA,NA,Literature,Positive
c.752C>T,p.Pro251Leu,NA,NA,Literature,Positive
c.968T>C,p.Leu323Pro,NA,NA,Literature,Positive
c.998T>C,p.Leu333Pro,NA,NA,Literature,Positive
 c.1015T>G,p.Trp339Gly,NA,NA,Literature,Positive
c.1606G>T,p.Val536Phe,NA,NA,Literature,Positive
c.1715C>T,p.Pro572Leu,NA,NA,Literature,Positive
c.757G>T ,p.Val253Phe,NA,NA,Literature,Positive