"hgvsc","hgvsp","maf","hom","referenceSet","source"
"c.1316T>C","p.Leu439Pro",9.14009944428195e-06,0,"Positive","Clinvar"
"c.584C>T","p.Ala195Val",3.65610661206881e-05,0,"Positive","Clinvar"
"c.459C>G","p.Ile153Met",0.000173665064073268,0,"Positive","Clinvar"
"c.1070G>A","p.Arg357His",NA,NA,"Positive","Clinvar"
"c.1013T>C","p.Met338Thr",NA,NA,"Positive","Clinvar"
"c.155G>A","p.Arg52Gln",5.48656705499369e-05,0,"Positive","Clinvar"
"c.1A>G","p.Met1Val",NA,NA,"Positive","Clinvar"
"c.1033C>T","p.Arg345Cys",NA,NA,"Positive","Clinvar"
"c.1262G>C","p.Trp421Ser",9.14009944428195e-06,0,"Positive","Clinvar"
"c.548G>A","p.Arg183Gln",4.57004972214098e-05,0,"Positive","Clinvar"
"c.202C>G","p.Arg68Gly",6.40509479540297e-05,0,"Positive","Clinvar"
"c.470G>A","p.Arg157Gln",4.57013326508601e-05,0,"Positive","Clinvar"
"c.1555C>T","p.Arg519Cys",0.000622095363559849,0,"Negative","Clinvar"
"c.1409A>T","p.Glu470Val",0.00145631067961165,2,"Negative","Clinvar"
"c.1958C>T","p.Thr653Met",0.0125269741413994,11,"Negative","Clinvar"
"c.1781G>A","p.Arg594Gln",0.0579577657921199,313,"Negative","Clinvar"
"c.1932C>A","p.Asn644Lys",0.000493646585611116,1,"Negative","GnomAD"
"c.1832A>G","p.Tyr611Cys",0.000228502486107049,0,"Negative","GnomAD"
"c.1720G>A","p.Val574Ile",0.000137119037607181,0,"Negative","GnomAD"
"c.1625A>C","p.Asn542Thr",0.000109681193331383,1,"Negative","GnomAD"
"c.1556G>T","p.Arg519Leu",0.000457331016189518,1,"Negative","GnomAD"
"c.1408G>C","p.Glu470Gln",0.00145655081438596,2,"Negative","GnomAD"
"c.1286A>C","p.Glu429Ala",0.287978501700121,5019,"Negative","GnomAD"
"c.1264G>A","p.Gly422Arg",0.000685507458321147,0,"Negative","GnomAD"
"c.1162C>T","p.Arg388Cys",0.000173665064073268,0,"Negative","GnomAD"
"c.938G>C","p.Gly313Ala",0.000228711530720533,0,"Negative","GnomAD"
"c.788A>C","p.His263Pro",0.000265329649215905,0,"Negative","GnomAD"
"c.700G>A","p.Asp234Asn",0.000182801988885639,0,"Negative","GnomAD"
"c.673A>G","p.Ile225Val",0.000182801988885639,0,"Negative","GnomAD"
"c.667G>A","p.Asp223Asn",0.000173661889441357,0,"Negative","GnomAD"
"c.665C>T","p.Ala222Val",0.305848049431465,6119,"Negative","GnomAD"
"c.575T>C","p.Ile192Thr",0.000164521789997075,0,"Negative","GnomAD"
"c.330G>C","p.Met110Ile",0.000118821292775665,0,"Negative","GnomAD"
"c.203G>A","p.Arg68Gln",0.000210460817686029,0,"Negative","GnomAD"
"c.136C>T","p.Arg46Trp",0.000210329943668154,0,"Negative","GnomAD"
"c.72G>C","p.Glu24Asp",2.75482093663912e-05,1,"Negative","GnomAD"
