hgvsc,hgvsp.x,early.x,late.x,hgvsp.y,early.y,late.y,category,early_sum,late_sum,hgvsp
c.1013T>C,p.Met338Thr,4,0,p.Met338Thr,1,0,Positive,5,0,p.Met338Thr
c.1015T>G,p.Trp339Gly,7,0,p.Trp339Gly,6,0,Positive,13,0,p.Trp339Gly
c.1042C>T,p.Pro348Ser,1,0,0,0,0,Positive,1,0,p.Pro348Ser
c.1088G>A,p.Arg363His,1,0,p.Arg363His,1,0,Positive,2,0,p.Arg363His
c.1129C>T,p.Arg377Cys,1,4,p.Arg377Cys,7,0,Positive,8,4,p.Arg377Cys
c.1603C>T,p.Arg535Trp,1,0,p.Arg535Trp,1,0,Positive,2,0,p.Arg535Trp
c.1721T>G,p.Val574Gly,1,0,p.Val574Gly,1,0,Positive,2,0,p.Val574Gly
c.176G>C,p.Trp59Ser,1,0,p.Trp59Ser,1,0,Positive,2,0,p.Trp59Ser
c.177G>T,p.Trp59Cys,1,0,p.Trp59Cys,1,0,Positive,2,0,p.Trp59Cys
c.1793T>C,p.Leu598Pro,1,0,p.Leu598Pro,1,0,Positive,2,0,p.Leu598Pro
c.337G>A,p.Ala113Thr,2,0,p.Ala113Thr,1,0,Positive,3,0,p.Ala113Thr
c.386C>A,p.Thr129Asn,1,0,0,0,0,Positive,1,0,p.Thr129Asn
c.440A>C,p.Gln147Pro,3,0,p.Gln147Pro,3,0,Positive,6,0,p.Gln147Pro
c.446G>T,p.Gly149Val,1,0,p.Gly149Val,1,0,Positive,2,0,p.Gly149Val
c.446_447delinsTT,p.Gly149Val,2,0,0,0,0,Positive,2,0,p.Gly149Val
c.541C>G,p.His181Asp,1,0,0,0,0,Positive,1,0,p.His181Asp
c.578G>A,p.Cys193Tyr,1,0,0,0,0,Positive,1,0,p.Cys193Tyr
c.680C>T,p.Thr227Met,2,0,p.Thr227Met,2,0,Positive,4,0,p.Thr227Met
c.752C>T,p.Pro251Leu,1,1,p.Pro251Leu,1,1,Positive,2,2,p.Pro251Leu
c.968T>C,p.Leu323Pro,2,0,0,0,0,Positive,2,0,p.Leu323Pro
c.998T>C,p.Leu333Pro,2,0,p.Leu333Pro,2,0,Positive,4,0,p.Leu333Pro
 c.1015T>G,0,0,0,p.Trp339Gly,1,0,Positive,1,0,p.Trp339Gly
c.1606G>T,0,0,0,p.Val536Phe,1,0,Positive,1,0,p.Val536Phe
c.1715C>T,0,0,0,p.Pro572Leu,2,2,Positive,2,2,p.Pro572Leu
c.446_447delinsTT ,0,0,0,p.Gly149Val,2,1,Positive,2,1,p.Gly149Val
c.757G>T ,0,0,0,p.Val253Phe,1,0,Positive,1,0,p.Val253Phe