Project name:,CALM1 tileseq,,,
,,,,
Template construct,,,,
Gene name:,CALM1,,,
Sequence:,GTCTTGCTATCAAGTATAAATAGACCTGCAATTATTAATCTTTTGTTTCCTCGTCATTGTTCTCGTTCCCTTTCTTCCTTGTTTCTTTTTCTGCACAATATTTCAAGCTATACCAAGCATACAATCAACTCCAAGCTTGAAGCAAGCCTCCTGAAAGACAAGTTTGTACAAAAAAGTTGGCATGGCTGATCAGCTGACCGAAGAACAGATTGCTGAATTCAAGGAAGCCTTCTCCCTATTTGATAAAGATGGCGATGGCACCATCACAACAAAGGAACTTGGAACTGTCATGAGGTCACTGGGTCAGAACCCAACAGAAGCTGAATTGCAGGATATGATCAATGAAGTGGATGCTGATGGTAATGGCACCATTGACTTCCCCGAATTTTTGACTATGATGGCTAGAAAAATGAAAGATACAGATAGTGAAGAAGAAATCCGTGAGGCATTCCGAGTCTTTGACAAGGATGGCAATGGTTATATCAGTGCAGCAGAACTACGTCACGTCATGACAAACTTAGGAGAAAAACTAACAGATGAAGAAGTAGATGAAATGATCAGAGAAGCAGATATTGATGGAGACGGACAAGTCAACTATGAAGAATTCGTACAGATGATGACTGCAAAATGACCAACTTTCTTGTACAAAGTGGTTTGATGGCCGCTAAGTAAGTAAGACGTCGAGCTCTAAGTAAGTAACGGCCGCCACCGCGGTGGAGCTTTGGACTTCTTCGCCAGAGGTTTGGTCAAGTCTCCAATCAAGGTTGTCGGCTTGTCTACCTTGCCAGAAATTTACGAAAAGATGGAAAAGGGTCAAATCGTTGGTAGATACGTTGTTGACACTTCTAAATAAGCGAATTTCTTATGATTTATGATTTTTATTATTAAATAAGTTATAAAAAAAATAAGTGTATACAAATTTTAAAGTGACTCTTAGGTTTTAAAACGAAAATTCTTATTCTTGAGTAACTCTTTCCTGTAGGTCAGGTTGCTTTCTCAGGTATAGCATGAGGTCGCTCTTATTGACCACACCTCTACCGGCATGCCGAGCAAATGCCTGCAAATCGCTCCCCATTTCACCCAATTGTAGATATGCTAACTCCAGCAATGAGTTGATGAA,,,
CDS start:,182,,,
CDS end:,631,,,
Uniprot Accession:,P0DP23,,,
,,,,
Assay Type:,,,,
Assay Name:,Yeast complementation,,,
Assay Description:,Functional complementation in yeast based on ts allele,,,
Negative selection?,No,,,
,,,,
Conditions and replicates,,,,
Condition IDs:,nonselect,select,wtCtrl,
Descriptions:,pre-selection library,post-selection library at nonpermissive temperature,wildtype control,
Number of Replicates:,2,2,2,
Number of time points:,1,1,1,
,,,,
Mutagenesis Regions,,,,
Region Number,Start AA,End AA,,
1,2,149,,
,,,,
Sequencing Tiles,,,,
Tile Number,Start AA,End AA,,
1,2,36,,
2,37,70,,
3,71,105,,
4,106,138,,
5,139,149,,
,,,,
Condition definitions,,,,
Condition 1,Relationship,Condition 2,,
select,is_selection_for,nonselect,,
wtCtrl,is_wt_control_for,select,,
wtCtrl,is_wt_control_for,nonselect,,
,,,,
Time point definitions,,,,
Time point name,Time,Unit,,
1,0,h,,
,,,,
Sequencing samples,,,,
Sample ID,Tile ID,Condition,Time point,Replicate
1,1,nonselect,1,1
2,2,nonselect,1,1
3,3,nonselect,1,1
4,4,nonselect,1,1
5,5,nonselect,1,1
6,1,nonselect,1,2
7,2,nonselect,1,2
8,3,nonselect,1,2
9,4,nonselect,1,2
10,5,nonselect,1,2
13,1,select,1,1
14,2,select,1,1
15,3,select,1,1
16,4,select,1,1
17,5,select,1,1
18,1,select,1,2
19,2,select,1,2
20,3,select,1,2
21,4,select,1,2
22,5,select,1,2
25,1,wtCtrl,1,1
26,2,wtCtrl,1,1
27,3,wtCtrl,1,1
28,4,wtCtrl,1,1
29,5,wtCtrl,1,1
30,1,wtCtrl,1,2
31,2,wtCtrl,1,2
32,3,wtCtrl,1,2
33,4,wtCtrl,1,2
34,5,wtCtrl,1,2
,,,,
Variant calling parameters,,,,
Posterior threshold:,0.9,,,
Minimum coverage:,0.9,,,
Per-base mutation rate:,0.0025,,,
Maximum depth drop:,0.2,,,
,,,,
Scoring function parameters,,,,
Minimum read count:,100,,,
WT filter quantile:,0.9,,,
Pseudo-replicates:,8,,,
SD threshold:,0.3,,,
Replicate disagreement factor:,10,,,
Last functional AA position:,Inf,,,
,,,,
Score scaling pivots,,,,
Condition,Time point,Region,Type,Value
select,1,1,nonsense,-1.254
select,1,1,synonymous,-0.001